car_model,transmission,engine_size_cc,vehicle_weight_kg,num_cylinders,turbocharged,avg_speed_kmph,city_drive_ratio,tire_type,fuel_type,estimated_fuel_efficiency_kmpl
DriveGo Eco,Manual,1059.0,1393.0,3,No,42.0,0.64,Regular,Diesel,26.67
DriveGo X5,Manual,1044.0,1455.0,4,No,30.4,0.59,Eco,CNG,28.55
DriveGo X5,Manual,1590.0,1369.0,6,No,62.3,0.73,Regular,CNG,24.02
DriveGo Eco,Automatic,1547.0,932.0,6,Yes,65.1,0.23,Regular,Diesel,26.73
DriveGo Prime,Automatic,1683.0,1474.0,3,No,32.5,0.26,Eco,Diesel,26.32
DriveGo Eco,Manual,1269.0,1146.0,4,No,31.4,0.22,Regular,CNG,26.49
DriveGo Eco,Automatic,1220.0,1121.0,6,No,63.0,0.87,Eco,Diesel,24.56
DriveGo A1,Automatic,1572.0,1162.0,4,No,75.8,0.44,Eco,CNG,27.42
DriveGo Max,Manual,1711.0,1266.0,4,Yes,60.3,0.67,Regular,CNG,26.9
DriveGo Prime,Manual,1440.0,1241.0,4,No,38.7,0.22,Regular,Petrol,29.04
DriveGo A1,Manual,1460.0,1211.0,4,No,58.2,0.49,Regular,CNG,27.68
DriveGo X5,Manual,1328.0,826.0,4,Yes,59.9,0.69,Regular,Petrol,25.18
DriveGo Prime,Automatic,1225.0,900.0,4,No,66.6,0.32,Sport,CNG,27.66
DriveGo Max,Manual,2062.0,1406.0,4,No,43.4,0.21,Regular,Petrol,22.92
DriveGo X5,Manual,1548.0,1155.0,4,No,79.7,0.62,Regular,Diesel,26.58
DriveGo A1,Manual,990.0,1160.0,4,Yes,38.4,0.27,Regular,CNG,29.8
DriveGo Max,Manual,1315.0,1267.0,4,No,34.7,0.62,Regular,Diesel,26.4
DriveGo Max,Manual,1252.0,1331.0,4,Yes,71.2,0.71,Regular,Petrol,26.31
DriveGo Prime,Manual,1255.0,1297.0,3,No,36.1,0.38,Regular,Petrol,26.32
DriveGo Max,Manual,1892.0,1001.0,6,No,57.5,0.62,Regular,Diesel,23.68
DriveGo Eco,Automatic,1681.0,1454.0,6,No,73.1,0.63,Regular,Petrol,19.44
DriveGo Max,Manual,1282.0,1137.0,6,No,61.2,0.31,Regular,CNG,31.94
DriveGo A1,Manual,1946.0,938.0,4,No,45.2,0.72,Eco,CNG,28.07
DriveGo Eco,Automatic,1600.0,1061.0,4,No,34.1,0.79,Eco,Petrol,22.33
DriveGo X5,Manual,1624.0,1087.0,4,Yes,40.1,0.89,Regular,Electric,36.95
DriveGo Eco,Manual,1980.0,1258.0,4,No,30.3,0.76,Eco,Diesel,25.72
DriveGo Prime,Automatic,903.0,1243.0,3,No,39.1,0.64,Regular,Petrol,23.12
DriveGo X5,Automatic,1039.0,1375.0,4,No,70.8,0.21,Regular,Diesel,25.45
DriveGo Eco,Automatic,1472.0,1503.0,6,No,77.9,0.33,Eco,Diesel,24.56
DriveGo Max,Automatic,1412.0,1186.0,4,Yes,49.5,0.58,Regular,Petrol,23.55
DriveGo X5,Automatic,1298.0,1337.0,6,No,34.1,0.52,Regular,Diesel,24.46
DriveGo Prime,Automatic,1575.0,1085.0,4,No,33.8,0.47,Regular,CNG,25.33
DriveGo Prime,Automatic,1727.0,1052.0,3,No,60.8,0.7,Sport,Petrol,20.14
DriveGo X5,Manual,1199.0,1119.0,4,Yes,73.3,0.78,Regular,CNG,27.88
DriveGo A1,Manual,1522.0,1303.0,4,No,48.3,0.67,Eco,Petrol,29.36
DriveGo A1,Manual,1359.0,1359.0,4,No,63.6,0.59,Eco,Petrol,26.69
DriveGo Max,Manual,1324.0,1197.0,4,Yes,56.0,0.5,Eco,Petrol,29.05
DriveGo Max,Automatic,2124.0,1230.0,6,No,66.4,0.86,Eco,Diesel,21.94
DriveGo Eco,Automatic,1358.0,1183.0,4,No,75.2,0.61,Regular,CNG,24.5
DriveGo Prime,Automatic,1386.0,989.0,4,No,61.2,0.89,Regular,Petrol,17.92
DriveGo Max,Manual,1118.0,800.0,4,Yes,52.9,0.48,Eco,Petrol,32.35
DriveGo Max,Manual,1848.0,1238.0,6,No,65.2,0.57,Eco,Diesel,27.59
DriveGo A1,Manual,1320.0,1050.0,4,Yes,55.4,0.54,Regular,Petrol,25.82
DriveGo X5,Manual,1622.0,1321.0,4,No,67.5,0.31,Regular,Petrol,23.96
DriveGo Prime,Manual,1289.0,1183.0,6,Yes,41.1,0.51,Sport,Petrol,24.56
DriveGo X5,Manual,1677.0,1355.0,3,Yes,35.3,0.58,Eco,Petrol,28.69
DriveGo Prime,Automatic,1603.0,1501.0,4,Yes,77.2,0.36,Regular,Petrol,23.55
DriveGo A1,Manual,1493.0,935.0,4,No,59.3,0.69,Regular,Electric,33.92
DriveGo Prime,Automatic,1605.0,1295.0,4,No,79.3,0.43,Eco,Diesel,26.77
DriveGo Max,Manual,1833.0,1402.0,6,No,61.8,0.77,Regular,Petrol,20.38
DriveGo A1,Manual,1563.0,1184.0,4,No,40.9,0.88,Regular,Diesel,22.56
DriveGo Prime,Manual,1203.0,1378.0,3,Yes,47.1,0.6,Regular,Petrol,24.8
DriveGo X5,Manual,1833.0,991.0,4,No,65.4,0.83,Regular,Diesel,22.22
DriveGo A1,Manual,1765.0,1164.0,4,Yes,40.4,0.56,Regular,Diesel,26.33
DriveGo X5,Manual,1441.0,1487.0,6,Yes,76.7,0.8,Eco,CNG,29.93
DriveGo A1,Automatic,1213.0,1544.0,4,No,60.8,0.71,Regular,CNG,22.47
DriveGo Prime,Manual,1460.0,1238.0,4,No,32.9,0.68,Eco,Diesel,26.44
DriveGo Prime,Manual,1835.0,1196.0,4,No,43.9,0.22,Sport,CNG,25.27
DriveGo Prime,Automatic,1772.0,1252.0,4,Yes,43.2,0.89,Eco,Petrol,22.24
DriveGo Prime,Manual,1204.0,1350.0,3,Yes,65.2,0.46,Regular,Petrol,25.26
DriveGo X5,Automatic,1577.0,1388.0,3,Yes,61.8,0.7,Regular,CNG,26.36
DriveGo A1,Manual,1797.0,1506.0,4,No,37.0,0.47,Regular,CNG,24.17
DriveGo X5,Manual,1756.0,1212.0,6,Yes,66.8,0.68,Sport,Petrol,22.65
DriveGo Eco,Manual,1825.0,1181.0,4,No,39.8,0.36,Eco,Petrol,26.18
DriveGo X5,Manual,1568.0,1488.0,4,Yes,64.4,0.69,Regular,Electric,33.94
DriveGo X5,Manual,1485.0,1244.0,4,No,55.3,0.85,Regular,Petrol,28.04
DriveGo Eco,Automatic,1240.0,1492.0,4,No,72.2,0.63,Regular,Petrol,21.75
DriveGo A1,Automatic,1235.0,929.0,6,Yes,68.9,0.21,Eco,Petrol,29.41
DriveGo A1,Manual,2079.0,1249.0,3,No,32.9,0.79,Regular,Diesel,22.58
DriveGo Eco,Automatic,1959.0,1168.0,3,No,44.0,0.77,Eco,Diesel,23.54
DriveGo Prime,Manual,1518.0,1029.0,4,Yes,46.9,0.52,Eco,CNG,33.16
DriveGo X5,Automatic,1417.0,1324.0,4,No,55.1,0.89,Regular,Diesel,22.75
DriveGo Eco,Automatic,1446.0,1057.0,4,No,72.3,0.81,Regular,Petrol,22.7
DriveGo Prime,Automatic,1420.0,1248.0,4,Yes,68.7,0.61,Regular,CNG,23.91
DriveGo Max,Manual,1827.0,1192.0,4,No,63.5,0.35,Regular,Petrol,25.39
DriveGo Prime,Manual,1010.0,1345.0,4,No,60.1,0.38,Regular,Diesel,25.45
DriveGo Eco,Manual,853.0,1407.0,6,No,38.6,0.51,Regular,Electric,37.26
DriveGo Eco,Automatic,1065.0,1401.0,4,No,66.1,0.75,Regular,CNG,24.06
DriveGo Prime,Manual,1636.0,1210.0,4,No,69.7,0.39,Regular,Diesel,26.84
DriveGo Prime,Automatic,1845.0,1059.0,4,No,32.4,0.78,Eco,CNG,25.14
DriveGo Eco,Manual,1500.0,943.0,4,No,42.4,0.32,Eco,Diesel,28.65
DriveGo Eco,Manual,1368.0,950.0,6,No,62.4,0.5,Regular,Petrol,27.5
DriveGo Max,Automatic,1312.0,1176.0,4,No,39.3,0.65,Regular,Petrol,21.72
DriveGo A1,Manual,1516.0,918.0,4,Yes,77.6,0.48,Eco,Petrol,27.08
DriveGo Prime,Manual,2368.0,1137.0,3,No,58.8,0.29,Regular,Petrol,23.41
DriveGo Prime,Manual,1279.0,1500.0,3,No,79.8,0.76,Regular,Petrol,22.02
DriveGo Prime,Manual,1530.0,1220.0,4,No,57.6,0.88,Eco,Diesel,23.95
DriveGo Eco,Manual,967.0,1205.0,3,Yes,41.4,0.71,Regular,Diesel,30.36
DriveGo A1,Automatic,1698.0,1169.0,4,No,74.3,0.21,Eco,CNG,28.02
DriveGo Prime,Manual,865.0,1308.0,3,Yes,67.6,0.32,Regular,Petrol,30.5
DriveGo X5,Automatic,1487.0,1262.0,6,No,78.6,0.6,Eco,Diesel,23.51
DriveGo Eco,Automatic,1704.0,1115.0,4,Yes,59.2,0.63,Regular,Diesel,23.78
DriveGo Eco,Automatic,1405.0,1026.0,6,No,40.3,0.29,Eco,Petrol,26.91
DriveGo Eco,Manual,1489.0,1137.0,6,No,42.9,0.39,Regular,Electric,36.41
DriveGo Prime,Manual,1476.0,1008.0,4,Yes,60.8,0.54,Regular,Petrol,28.56
DriveGo Max,Automatic,1599.0,1469.0,4,No,59.8,0.25,Regular,CNG,24.79
DriveGo Prime,Manual,1371.0,1431.0,4,No,46.2,0.81,Regular,Diesel,23.98
DriveGo X5,Manual,1024.0,1408.0,3,Yes,56.1,0.47,Regular,Petrol,25.99
DriveGo X5,Automatic,1134.0,1320.0,3,No,36.5,0.22,Regular,CNG,27.49
DriveGo Max,Automatic,1159.0,1161.0,6,No,71.7,0.77,Eco,Petrol,25.21
DriveGo Eco,Manual,1066.0,1179.0,4,No,35.5,0.42,Regular,Petrol,27.8
DriveGo Prime,Manual,1309.0,1156.0,4,No,76.2,0.57,Regular,Petrol,26.19
DriveGo A1,Automatic,1510.0,1305.0,4,No,74.9,0.58,Regular,Diesel,22.45
DriveGo Eco,Automatic,1509.0,1192.0,4,No,56.0,0.6,Regular,Petrol,21.9
DriveGo X5,Manual,1330.0,1195.0,4,No,53.6,0.84,Regular,Diesel,19.45
DriveGo Max,Manual,1480.0,1114.0,4,No,65.4,0.54,Eco,Diesel,28.31
DriveGo Eco,Manual,1463.0,1120.0,4,No,31.1,0.34,Regular,Diesel,25.31
DriveGo A1,Automatic,1377.0,1112.0,6,No,43.3,0.63,Regular,CNG,26.15
DriveGo Eco,Manual,1021.0,1029.0,4,Yes,60.7,0.22,Eco,Electric,42.0
DriveGo A1,Automatic,1593.0,1212.0,4,No,39.0,0.33,Regular,Petrol,23.43
DriveGo Eco,Manual,1385.0,1007.0,3,No,44.8,0.69,Regular,Diesel,24.43
DriveGo A1,Manual,1485.0,1205.0,6,Yes,53.4,0.84,Regular,Petrol,23.59
DriveGo Eco,Automatic,1868.0,888.0,3,No,61.7,0.23,Sport,Diesel,21.93
DriveGo Prime,Manual,1768.0,1173.0,4,No,59.8,0.31,Regular,Electric,36.11
DriveGo A1,Manual,1700.0,1608.0,4,Yes,66.1,0.45,Regular,CNG,29.83
DriveGo X5,Automatic,1234.0,1286.0,3,Yes,72.0,0.89,Regular,Electric,32.87
DriveGo A1,Manual,1875.0,1625.0,6,No,36.4,0.3,Regular,Petrol,25.45
DriveGo X5,Automatic,1487.0,961.0,4,No,65.9,0.56,Regular,Diesel,22.84
DriveGo X5,Automatic,1259.0,1053.0,6,No,54.5,0.66,Sport,Petrol,22.68
DriveGo Max,Manual,1271.0,1317.0,3,Yes,35.7,0.37,Sport,Petrol,23.65
DriveGo Eco,Manual,1502.0,1781.0,3,No,77.6,0.47,Regular,Petrol,24.74
DriveGo A1,Manual,1917.0,881.0,6,Yes,42.7,0.55,Regular,CNG,27.96
DriveGo Eco,Automatic,1192.0,1071.0,6,No,65.2,0.69,Regular,CNG,27.71
DriveGo Prime,Manual,1718.0,1339.0,4,No,48.3,0.82,Sport,Diesel,21.28
DriveGo X5,Automatic,851.0,1232.0,4,No,53.6,0.69,Regular,Petrol,24.8
DriveGo A1,Manual,1697.0,1218.0,4,Yes,60.9,0.49,Regular,Petrol,25.86
DriveGo Eco,Manual,1593.0,1198.0,4,Yes,54.3,0.64,Regular,CNG,29.91
DriveGo X5,Automatic,1116.0,1239.0,4,No,31.6,0.48,Eco,Diesel,24.42
DriveGo A1,Manual,1608.0,998.0,4,No,52.5,0.57,Sport,CNG,24.37
DriveGo Eco,Manual,1623.0,1213.0,4,No,39.5,0.33,Sport,Electric,32.63
DriveGo Eco,Automatic,1450.0,1167.0,4,No,46.4,0.25,Regular,CNG,27.64
DriveGo Eco,Manual,1518.0,1399.0,4,Yes,46.5,0.59,Eco,CNG,32.47
DriveGo A1,Manual,1146.0,1136.0,4,No,52.2,0.67,Regular,Petrol,23.26
DriveGo A1,Automatic,1949.0,1205.0,4,Yes,35.6,0.55,Eco,Petrol,23.04
DriveGo Prime,Automatic,1770.0,1308.0,4,Yes,73.4,0.8,Regular,Petrol,22.23
DriveGo Prime,Automatic,1811.0,1289.0,6,Yes,58.9,0.71,Eco,Diesel,24.55
DriveGo Max,Manual,1420.0,1313.0,3,No,68.5,0.59,Eco,Diesel,27.21
DriveGo Eco,Automatic,1020.0,1350.0,6,No,57.6,0.79,Sport,CNG,24.89
DriveGo Max,Automatic,2170.0,1429.0,4,No,36.4,0.48,Eco,Petrol,25.34
DriveGo Eco,Automatic,1654.0,1637.0,3,No,30.7,0.37,Eco,Petrol,25.31
DriveGo X5,Manual,1493.0,1026.0,3,No,47.8,0.89,Eco,Diesel,26.77
DriveGo A1,Automatic,1250.0,991.0,4,Yes,30.7,0.75,Regular,CNG,24.53
DriveGo Prime,Manual,1111.0,1393.0,4,No,32.4,0.21,Eco,Electric,38.76
DriveGo Prime,Automatic,1629.0,1385.0,4,Yes,33.7,0.67,Regular,CNG,25.92
DriveGo X5,Manual,1547.0,968.0,3,No,31.5,0.58,Regular,Petrol,24.89
DriveGo Prime,Automatic,881.0,1563.0,4,No,77.4,0.67,Eco,Petrol,25.03
DriveGo A1,Manual,985.0,1110.0,3,No,75.9,0.55,Regular,Petrol,26.88
DriveGo Max,Automatic,1663.0,1317.0,6,No,64.8,0.25,Eco,Petrol,25.45
DriveGo Eco,Manual,1484.0,1047.0,3,No,71.6,0.59,Eco,CNG,28.1
DriveGo Max,Manual,1476.0,1193.0,6,Yes,43.3,0.66,Sport,CNG,24.1
DriveGo Eco,Manual,1840.0,1251.0,4,No,49.2,0.44,Eco,Electric,36.09
DriveGo Eco,Manual,1502.0,1720.0,6,Yes,73.0,0.8,Regular,CNG,26.45
DriveGo Prime,Manual,1590.0,1172.0,4,No,35.6,0.31,Eco,Diesel,28.01
DriveGo Eco,Manual,1502.0,1041.0,4,No,46.9,0.46,Regular,Diesel,24.07
DriveGo X5,Automatic,1604.0,994.0,4,Yes,76.5,0.38,Eco,Diesel,26.66
DriveGo Prime,Automatic,1418.0,1181.0,6,No,74.9,0.86,Regular,CNG,25.91
DriveGo Max,Manual,1614.0,1479.0,6,No,45.1,0.58,Eco,CNG,26.25
DriveGo A1,Manual,2056.0,1018.0,4,No,49.5,0.89,Regular,Diesel,21.27
DriveGo Max,Automatic,2161.0,1557.0,4,No,55.1,0.45,Regular,Diesel,25.68
DriveGo Prime,Automatic,1282.0,1302.0,4,No,75.5,0.27,Regular,Diesel,25.14
DriveGo Max,Automatic,1627.0,1076.0,6,No,77.9,0.47,Regular,Petrol,27.4
DriveGo Eco,Manual,1319.0,1031.0,4,Yes,50.6,0.23,Regular,CNG,30.88
DriveGo X5,Manual,957.0,1463.0,4,No,42.0,0.33,Regular,Petrol,29.09
DriveGo Eco,Manual,1311.0,1139.0,4,No,39.4,0.31,Eco,Petrol,27.88
DriveGo Eco,Manual,1646.0,1398.0,6,No,68.4,0.55,Regular,CNG,24.31
DriveGo A1,Manual,1485.0,953.0,4,Yes,52.8,0.68,Eco,Diesel,28.71
DriveGo Eco,Manual,1443.0,1436.0,6,Yes,67.5,0.74,Sport,Diesel,22.14
DriveGo X5,Automatic,1498.0,1238.0,6,No,30.7,0.68,Regular,Petrol,24.39
DriveGo Max,Manual,1820.0,1367.0,6,Yes,63.3,0.44,Regular,Diesel,25.51
DriveGo Eco,Manual,946.0,1140.0,4,No,58.9,0.22,Regular,Petrol,28.13
DriveGo Prime,Automatic,1890.0,1489.0,6,Yes,76.0,0.68,Regular,Diesel,21.93
DriveGo X5,Automatic,1025.0,1201.0,4,Yes,55.4,0.34,Regular,Diesel,26.99
DriveGo Max,Manual,1757.0,1307.0,4,No,78.9,0.77,Eco,Petrol,26.31
DriveGo A1,Manual,1446.0,1044.0,4,No,67.8,0.3,Regular,Diesel,25.84
DriveGo Prime,Manual,1605.0,1173.0,4,Yes,43.8,0.87,Regular,Petrol,25.11
DriveGo Max,Manual,1560.0,1233.0,4,No,69.7,0.66,Regular,Electric,33.82
DriveGo A1,Manual,1137.0,1439.0,6,No,39.7,0.84,Eco,Diesel,26.45
DriveGo Prime,Automatic,1176.0,1328.0,4,No,37.7,0.4,Eco,CNG,28.2
DriveGo Max,Manual,800.0,1513.0,4,Yes,42.6,0.61,Regular,Diesel,25.35
DriveGo Prime,Manual,1499.0,1301.0,4,Yes,75.4,0.8,Eco,Diesel,27.08
DriveGo X5,Manual,1577.0,1363.0,4,No,37.3,0.33,Eco,Diesel,25.15
DriveGo A1,Manual,1488.0,960.0,4,No,64.7,0.83,Regular,CNG,26.2
DriveGo Eco,Automatic,1415.0,1214.0,4,No,56.1,0.37,Regular,Diesel,22.5
DriveGo Max,Automatic,1388.0,1398.0,6,No,39.5,0.48,Regular,Diesel,23.02
DriveGo Prime,Automatic,1545.0,1360.0,4,No,77.6,0.66,Eco,CNG,25.48
DriveGo X5,Automatic,1405.0,1447.0,4,No,60.2,0.32,Regular,Petrol,23.27
DriveGo Eco,Manual,1190.0,980.0,6,No,77.7,0.44,Regular,Petrol,27.36
DriveGo X5,Automatic,1726.0,1031.0,6,No,49.6,0.87,Regular,Petrol,19.7
DriveGo A1,Manual,1722.0,1238.0,6,No,71.8,0.68,Regular,Diesel,22.99
DriveGo Prime,Manual,1469.0,1126.0,4,Yes,31.4,0.6,Eco,CNG,30.66
DriveGo X5,Automatic,1469.0,1078.0,4,Yes,65.9,0.53,Regular,Petrol,26.22
DriveGo A1,Manual,1165.0,1017.0,6,Yes,35.2,0.27,Eco,Petrol,30.12
DriveGo Eco,Automatic,1498.0,1457.0,4,No,53.0,0.47,Regular,Diesel,25.51
DriveGo A1,Manual,1502.0,1125.0,4,Yes,74.5,0.65,Sport,Petrol,23.87
DriveGo X5,Manual,1715.0,1221.0,4,No,33.0,0.2,Regular,Electric,37.93
DriveGo Max,Manual,1466.0,956.0,3,No,36.6,0.68,Regular,Petrol,25.69
DriveGo X5,Manual,1841.0,1423.0,4,No,37.8,0.33,Regular,Petrol,26.94
DriveGo Prime,Manual,1112.0,1250.0,4,No,66.6,0.48,Eco,CNG,29.25
DriveGo Eco,Manual,1107.0,1180.0,6,No,37.1,0.63,Regular,Petrol,25.74
DriveGo Max,Manual,1592.0,1424.0,3,No,31.9,0.34,Eco,CNG,27.07
DriveGo Max,Automatic,920.0,1081.0,6,No,30.9,0.86,Regular,Petrol,23.72
DriveGo X5,Manual,1522.0,1598.0,4,No,50.6,0.74,Regular,CNG,24.77
DriveGo X5,Manual,900.0,1369.0,6,No,44.6,0.66,Eco,Petrol,27.13
DriveGo A1,Manual,1876.0,1244.0,4,Yes,78.8,0.34,Eco,CNG,30.22
DriveGo Prime,Automatic,1737.0,1388.0,6,No,41.3,0.68,Eco,CNG,26.12
DriveGo A1,Automatic,1292.0,844.0,6,No,49.7,0.61,Eco,Petrol,25.42
DriveGo Max,Automatic,1808.0,1537.0,6,No,58.3,0.84,Regular,Petrol,20.55
DriveGo X5,Manual,1554.0,1096.0,4,No,64.5,0.26,Eco,Diesel,28.25
DriveGo Eco,Manual,925.0,1096.0,4,No,48.4,0.65,Regular,CNG,32.9
DriveGo A1,Automatic,1135.0,1465.0,4,No,70.6,0.63,Eco,CNG,24.21
DriveGo A1,Manual,1382.0,800.0,6,No,44.9,0.83,Sport,Petrol,22.55
DriveGo Max,Automatic,1816.0,1259.0,3,No,73.5,0.3,Eco,CNG,29.23
DriveGo Max,Manual,1383.0,1158.0,6,No,35.0,0.69,Regular,Petrol,25.59
DriveGo Max,Manual,1827.0,953.0,4,Yes,67.0,0.59,Regular,Diesel,27.07
DriveGo Max,Automatic,926.0,1318.0,4,Yes,59.9,0.45,Eco,Diesel,25.72
DriveGo Eco,Manual,903.0,1143.0,6,Yes,75.6,0.63,Eco,Petrol,28.88
DriveGo A1,Manual,1487.0,1418.0,4,No,62.8,0.63,Regular,Petrol,23.04
DriveGo Eco,Automatic,1760.0,1109.0,3,No,35.6,0.29,Regular,CNG,25.2
DriveGo Prime,Manual,1331.0,1316.0,4,No,67.9,0.32,Regular,Petrol,27.84
DriveGo Max,Manual,2046.0,1289.0,4,Yes,55.4,0.87,Regular,Petrol,23.38
DriveGo X5,Manual,1398.0,1255.0,4,Yes,61.1,0.64,Regular,Diesel,25.82
DriveGo A1,Manual,1479.0,1184.0,4,No,48.7,0.68,Eco,Petrol,27.28
DriveGo Max,Automatic,1350.0,1312.0,3,No,41.0,0.34,Eco,CNG,26.8
DriveGo X5,Manual,1809.0,1104.0,4,No,36.4,0.23,Regular,CNG,28.74
DriveGo X5,Automatic,1415.0,915.0,4,Yes,77.9,0.53,Sport,CNG,26.33
DriveGo X5,Manual,1511.0,1280.0,4,Yes,36.4,0.54,Eco,CNG,31.94
DriveGo Prime,Manual,2074.0,1626.0,6,No,33.3,0.79,Eco,CNG,26.13
DriveGo X5,Manual,1824.0,1114.0,4,No,45.3,0.78,Regular,CNG,23.78
DriveGo Prime,Manual,1618.0,1417.0,4,No,54.8,0.3,Regular,Diesel,27.73
DriveGo A1,Automatic,910.0,1238.0,3,No,70.9,0.58,Eco,Electric,37.71
DriveGo Eco,Manual,1201.0,1337.0,4,Yes,62.9,0.24,Sport,Petrol,26.91
DriveGo Max,Manual,1551.0,1349.0,4,No,75.1,0.58,Eco,CNG,29.51
DriveGo X5,Manual,1808.0,1258.0,4,No,74.7,0.61,Sport,CNG,24.43
DriveGo Eco,Manual,1620.0,1371.0,3,No,66.4,0.36,Regular,Diesel,20.21
DriveGo X5,Manual,1109.0,1351.0,3,Yes,53.9,0.3,Regular,Diesel,28.38
DriveGo Prime,Automatic,1603.0,1140.0,6,No,58.2,0.55,Regular,Diesel,22.27
DriveGo Prime,Automatic,1662.0,1401.0,4,No,69.0,0.69,Regular,Diesel,21.96
DriveGo Prime,Automatic,1615.0,999.0,4,Yes,73.5,0.42,Regular,Electric,36.9
DriveGo Prime,Manual,978.0,1206.0,4,No,60.7,0.74,Regular,Petrol,23.6
DriveGo A1,Automatic,1486.0,1251.0,4,No,49.6,0.51,Sport,Diesel,21.57
DriveGo X5,Automatic,1214.0,1272.0,6,No,45.3,0.45,Regular,Petrol,24.09
DriveGo Max,Manual,1168.0,1407.0,4,Yes,78.9,0.46,Regular,Petrol,28.8
DriveGo X5,Manual,1448.0,1420.0,6,No,35.5,0.2,Regular,CNG,28.4
DriveGo Max,Manual,1452.0,1281.0,4,No,49.9,0.79,Sport,CNG,24.33
DriveGo Eco,Automatic,1813.0,1061.0,4,Yes,46.4,0.67,Regular,Diesel,21.97
DriveGo Max,Manual,1560.0,1269.0,4,Yes,67.2,0.55,Regular,Petrol,24.98
DriveGo X5,Manual,1151.0,1291.0,3,Yes,36.5,0.29,Sport,Diesel,25.56
DriveGo Prime,Manual,831.0,1244.0,4,No,40.5,0.73,Sport,Petrol,26.32
DriveGo Eco,Manual,1579.0,1135.0,4,Yes,50.2,0.43,Eco,Petrol,27.11
DriveGo Eco,Automatic,1601.0,1285.0,4,No,40.6,0.46,Regular,Diesel,21.41
DriveGo Eco,Manual,2292.0,1079.0,4,No,61.9,0.61,Regular,CNG,26.36
DriveGo Prime,Automatic,1605.0,1110.0,4,No,51.8,0.53,Regular,Petrol,24.67
DriveGo Max,Automatic,1538.0,1316.0,4,No,49.7,0.31,Regular,Diesel,28.74
DriveGo Eco,Manual,1172.0,1512.0,4,No,51.7,0.81,Regular,Petrol,22.98
DriveGo A1,Manual,1263.0,1145.0,4,No,65.3,0.32,Regular,CNG,30.14
DriveGo Prime,Manual,1293.0,1365.0,4,No,59.4,0.7,Regular,CNG,26.37
DriveGo Eco,Manual,1396.0,1075.0,4,Yes,45.6,0.21,Sport,Diesel,27.78
DriveGo A1,Manual,1445.0,997.0,4,Yes,47.5,0.59,Eco,Petrol,23.98
DriveGo Max,Manual,1267.0,1169.0,4,No,34.8,0.72,Regular,Diesel,25.04
DriveGo Eco,Manual,1315.0,838.0,6,No,57.2,0.67,Regular,CNG,29.81
DriveGo A1,Automatic,1205.0,1330.0,6,No,70.4,0.5,Regular,Electric,32.39
DriveGo Eco,Automatic,1465.0,943.0,4,No,66.7,0.48,Regular,Electric,35.44
DriveGo X5,Automatic,1628.0,1166.0,4,No,42.3,0.35,Regular,Diesel,23.49
DriveGo Eco,Manual,1265.0,864.0,3,No,40.0,0.42,Regular,Electric,36.84
DriveGo Prime,Manual,1504.0,1211.0,6,No,61.3,0.71,Regular,Petrol,23.48
DriveGo Eco,Automatic,1443.0,1063.0,6,Yes,42.7,0.43,Regular,Diesel,24.96
DriveGo Max,Manual,1384.0,1291.0,3,No,51.3,0.53,Eco,CNG,27.91
DriveGo Prime,Automatic,2195.0,1370.0,4,Yes,75.5,0.53,Regular,CNG,22.21
DriveGo X5,Automatic,1408.0,1667.0,4,No,70.4,0.47,Eco,Petrol,22.69
DriveGo X5,Manual,843.0,1150.0,6,No,68.8,0.6,Eco,Diesel,28.39
DriveGo Prime,Automatic,1244.0,1417.0,6,No,49.0,0.75,Regular,CNG,27.03
DriveGo Max,Manual,1239.0,1251.0,6,Yes,50.5,0.34,Eco,Electric,41.08
DriveGo Prime,Automatic,1551.0,1431.0,6,Yes,53.2,0.4,Regular,Diesel,25.76
DriveGo X5,Manual,1862.0,800.0,4,Yes,73.9,0.9,Eco,Diesel,26.6
DriveGo A1,Manual,1537.0,931.0,6,Yes,66.3,0.56,Regular,Diesel,26.25
DriveGo A1,Automatic,1567.0,963.0,6,No,31.8,0.3,Regular,Diesel,25.16
DriveGo A1,Manual,1688.0,1381.0,6,Yes,44.5,0.68,Regular,Petrol,24.62
DriveGo X5,Automatic,1852.0,952.0,3,No,55.4,0.3,Eco,Petrol,23.71
DriveGo Prime,Automatic,1093.0,1534.0,4,No,38.8,0.44,Regular,Petrol,26.94
DriveGo Max,Manual,1714.0,1264.0,4,Yes,71.7,0.4,Eco,Petrol,28.99
DriveGo Max,Manual,1779.0,1090.0,4,Yes,72.7,0.48,Regular,CNG,26.08
DriveGo Max,Manual,1289.0,1459.0,6,No,51.1,0.57,Eco,CNG,27.29
DriveGo Prime,Automatic,1361.0,1300.0,4,No,35.2,0.43,Regular,Diesel,26.79
DriveGo A1,Manual,1389.0,1334.0,6,No,33.9,0.26,Regular,Electric,35.97
DriveGo Eco,Manual,1602.0,1179.0,4,No,36.0,0.41,Regular,CNG,27.89
DriveGo Max,Automatic,1799.0,1647.0,6,No,78.9,0.6,Regular,Electric,29.82
DriveGo Max,Manual,1802.0,1504.0,4,No,62.8,0.62,Regular,Petrol,25.29
DriveGo A1,Manual,1216.0,1611.0,3,No,35.3,0.73,Regular,CNG,25.66
DriveGo Prime,Manual,1577.0,1424.0,4,No,66.7,0.33,Eco,CNG,30.79
DriveGo Prime,Manual,1179.0,833.0,3,No,73.6,0.72,Eco,Electric,36.31
DriveGo Max,Manual,1341.0,1205.0,6,No,44.8,0.83,Eco,Petrol,24.0
DriveGo Prime,Manual,1781.0,1305.0,4,Yes,77.8,0.4,Sport,Petrol,23.81
DriveGo Max,Automatic,2019.0,1257.0,4,Yes,45.0,0.24,Regular,Electric,34.62
DriveGo X5,Manual,1315.0,1297.0,4,No,31.6,0.59,Regular,Diesel,25.52
DriveGo Prime,Manual,1672.0,1458.0,4,Yes,46.2,0.38,Sport,Diesel,25.36
DriveGo Max,Manual,1522.0,1456.0,6,Yes,34.0,0.53,Eco,Petrol,28.81
DriveGo X5,Automatic,1423.0,1073.0,4,No,39.2,0.67,Regular,Electric,34.49
DriveGo X5,Automatic,1148.0,1148.0,4,No,63.9,0.69,Sport,Electric,33.9
DriveGo A1,Manual,1288.0,1556.0,4,No,68.4,0.39,Regular,Petrol,25.57
DriveGo X5,Automatic,2254.0,1439.0,6,No,77.3,0.31,Regular,Petrol,21.31
DriveGo Eco,Manual,1401.0,1250.0,4,No,36.5,0.2,Regular,Diesel,28.11
DriveGo Eco,Manual,1142.0,1332.0,3,No,62.1,0.74,Eco,Diesel,26.31
DriveGo X5,Automatic,1955.0,816.0,3,No,75.0,0.87,Regular,CNG,24.82
DriveGo Eco,Manual,1637.0,1461.0,4,No,70.0,0.44,Eco,Petrol,23.9
DriveGo Prime,Automatic,1790.0,800.0,3,No,57.1,0.8,Regular,Petrol,23.45
DriveGo X5,Automatic,2381.0,1369.0,6,No,36.8,0.53,Regular,Petrol,22.78
DriveGo Max,Manual,1307.0,1036.0,4,No,79.4,0.65,Regular,Petrol,25.43
DriveGo Max,Manual,1490.0,1424.0,4,No,45.6,0.72,Eco,Petrol,29.72
DriveGo Max,Manual,1954.0,1132.0,4,No,48.8,0.55,Sport,Diesel,22.75
DriveGo X5,Automatic,1747.0,1210.0,4,No,74.2,0.57,Regular,Petrol,21.79
DriveGo Prime,Manual,1166.0,1184.0,4,Yes,42.9,0.86,Regular,Petrol,26.89
DriveGo A1,Manual,1424.0,1086.0,4,No,38.2,0.74,Regular,Diesel,24.35
DriveGo A1,Manual,800.0,800.0,4,No,35.9,0.21,Regular,Diesel,28.65
DriveGo A1,Manual,1473.0,1147.0,4,No,34.0,0.25,Regular,Diesel,25.13
DriveGo X5,Manual,1236.0,1013.0,3,Yes,48.9,0.85,Regular,Diesel,27.21
DriveGo Max,Automatic,1243.0,1386.0,3,No,79.8,0.75,Eco,Petrol,23.55
DriveGo A1,Manual,934.0,969.0,6,No,30.9,0.59,Regular,Diesel,25.03
DriveGo X5,Automatic,1287.0,1274.0,3,No,69.3,0.66,Regular,Petrol,27.24
DriveGo A1,Manual,2058.0,1270.0,4,Yes,78.1,0.36,Regular,Petrol,27.77
DriveGo Max,Automatic,1374.0,1344.0,6,No,54.9,0.26,Regular,Diesel,26.94
DriveGo X5,Automatic,1281.0,1239.0,4,No,42.2,0.79,Regular,Petrol,20.83
DriveGo X5,Automatic,1629.0,900.0,4,No,55.5,0.57,Sport,Petrol,20.45
DriveGo Max,Automatic,1422.0,977.0,4,Yes,38.0,0.56,Regular,Diesel,23.23
DriveGo Max,Manual,1746.0,1201.0,4,No,43.8,0.24,Regular,Diesel,27.27
DriveGo A1,Manual,1618.0,1421.0,4,No,63.1,0.79,Regular,Petrol,24.12
DriveGo Max,Automatic,1502.0,1340.0,3,No,50.3,0.86,Eco,Electric,32.34
DriveGo Eco,Manual,1298.0,937.0,4,No,69.8,0.73,Eco,Electric,38.32
DriveGo A1,Automatic,1361.0,1239.0,4,No,78.2,0.27,Eco,Diesel,26.64
DriveGo A1,Manual,1403.0,1496.0,4,Yes,69.1,0.84,Regular,Petrol,24.77
DriveGo A1,Manual,1805.0,1260.0,6,No,38.1,0.43,Regular,CNG,24.83
DriveGo Eco,Manual,884.0,1405.0,3,No,39.1,0.44,Eco,Diesel,28.3
DriveGo Eco,Automatic,1744.0,1469.0,3,No,39.1,0.63,Eco,Diesel,21.3
DriveGo A1,Automatic,1855.0,1222.0,4,No,74.2,0.43,Eco,Petrol,24.18
DriveGo Eco,Manual,1400.0,1353.0,4,No,40.3,0.63,Eco,Diesel,26.79
DriveGo Max,Manual,1794.0,1221.0,4,No,49.0,0.86,Regular,Petrol,20.01
DriveGo X5,Manual,1767.0,886.0,4,Yes,78.1,0.33,Regular,Petrol,26.13
DriveGo A1,Automatic,1655.0,1047.0,4,No,46.0,0.83,Regular,Petrol,22.15
DriveGo Eco,Manual,1710.0,1190.0,4,No,74.8,0.47,Eco,CNG,29.27
DriveGo X5,Automatic,1039.0,1430.0,4,No,72.6,0.42,Eco,Petrol,27.2
DriveGo X5,Manual,1372.0,1252.0,3,No,75.3,0.74,Regular,CNG,25.85
DriveGo X5,Automatic,1667.0,1256.0,6,No,69.4,0.49,Eco,CNG,26.09
DriveGo Max,Manual,1653.0,1556.0,4,No,77.2,0.46,Regular,Petrol,25.59
DriveGo Max,Manual,1447.0,989.0,3,No,39.2,0.38,Regular,CNG,26.71
DriveGo Eco,Automatic,1287.0,1483.0,4,No,51.1,0.64,Eco,Diesel,23.34
DriveGo Prime,Automatic,1822.0,1058.0,4,No,38.4,0.27,Eco,Petrol,27.49
DriveGo Eco,Automatic,1727.0,1392.0,6,Yes,40.5,0.56,Eco,Petrol,23.98
DriveGo Prime,Automatic,1776.0,1376.0,4,No,79.0,0.21,Sport,Diesel,20.06
DriveGo Max,Automatic,900.0,1441.0,4,No,42.9,0.3,Regular,CNG,27.12
DriveGo X5,Manual,1517.0,1550.0,6,Yes,71.3,0.75,Regular,CNG,27.71
DriveGo X5,Automatic,1530.0,1306.0,4,No,78.0,0.62,Eco,CNG,26.78
DriveGo Max,Manual,1319.0,801.0,4,Yes,46.8,0.38,Sport,CNG,27.26
DriveGo Eco,Manual,1766.0,1073.0,4,Yes,72.4,0.52,Sport,Petrol,23.61
DriveGo Max,Manual,1597.0,1117.0,3,No,44.9,0.26,Regular,CNG,29.62
DriveGo Eco,Automatic,800.0,1279.0,6,No,62.1,0.36,Sport,Petrol,25.13
DriveGo Prime,Automatic,1474.0,940.0,3,No,51.3,0.54,Regular,Diesel,24.95
DriveGo X5,Manual,1345.0,1156.0,4,No,51.8,0.49,Regular,CNG,25.23
DriveGo Max,Automatic,1799.0,1353.0,4,No,33.9,0.29,Regular,Diesel,24.25
DriveGo X5,Manual,1060.0,1610.0,6,No,32.8,0.67,Regular,Petrol,24.86
DriveGo Eco,Manual,1383.0,1379.0,4,No,77.6,0.31,Regular,Petrol,24.28
DriveGo X5,Manual,1627.0,1341.0,4,No,57.3,0.71,Eco,CNG,28.24
DriveGo Eco,Automatic,1029.0,1047.0,4,No,68.7,0.88,Regular,Diesel,22.71
DriveGo A1,Manual,1701.0,1002.0,4,Yes,33.5,0.36,Regular,Diesel,26.12
DriveGo Eco,Automatic,1204.0,1103.0,4,No,79.7,0.38,Regular,Diesel,26.37
DriveGo Max,Manual,1841.0,1582.0,4,No,39.8,0.61,Eco,Diesel,27.27
DriveGo Max,Automatic,1990.0,1140.0,4,No,37.4,0.22,Regular,CNG,22.41
DriveGo Prime,Automatic,1670.0,1351.0,4,No,61.8,0.37,Regular,Petrol,25.62
DriveGo Prime,Manual,1530.0,1056.0,3,Yes,74.5,0.37,Sport,Electric,32.7
DriveGo X5,Manual,1859.0,1065.0,4,Yes,52.5,0.53,Eco,Electric,39.97
DriveGo Max,Automatic,2042.0,1010.0,4,Yes,30.3,0.57,Eco,Diesel,25.33
DriveGo Eco,Manual,1680.0,1082.0,4,Yes,57.8,0.22,Regular,Diesel,25.59
DriveGo A1,Automatic,1915.0,1103.0,4,Yes,34.4,0.84,Regular,Petrol,21.38
DriveGo Max,Manual,1644.0,1221.0,6,Yes,32.0,0.38,Regular,Petrol,24.17
DriveGo Prime,Automatic,1715.0,1426.0,4,No,58.0,0.7,Sport,Petrol,20.24
DriveGo A1,Manual,1618.0,1232.0,4,Yes,65.6,0.4,Sport,Petrol,23.35
DriveGo X5,Automatic,1373.0,1068.0,4,Yes,68.8,0.4,Regular,Diesel,26.73
DriveGo Eco,Manual,1608.0,1491.0,3,No,39.1,0.85,Regular,Petrol,24.37
DriveGo A1,Manual,1051.0,1363.0,4,No,50.2,0.39,Regular,CNG,26.25
DriveGo Prime,Automatic,1509.0,800.0,6,Yes,34.3,0.82,Regular,Electric,30.55
DriveGo Max,Automatic,1207.0,1308.0,4,No,39.2,0.73,Eco,Diesel,23.13
DriveGo A1,Manual,1647.0,1128.0,4,No,79.7,0.29,Regular,Diesel,26.3
DriveGo A1,Manual,1205.0,1634.0,4,No,76.9,0.66,Regular,Diesel,27.28
DriveGo X5,Manual,1578.0,1155.0,4,No,46.0,0.48,Regular,Diesel,27.02
DriveGo Eco,Manual,1510.0,800.0,3,No,33.8,0.3,Regular,Diesel,28.78
DriveGo Max,Manual,1424.0,1546.0,3,No,73.5,0.69,Eco,Diesel,25.84
DriveGo A1,Manual,1886.0,1148.0,4,No,41.8,0.36,Regular,Petrol,26.63
DriveGo Max,Automatic,1499.0,1350.0,4,No,38.5,0.34,Regular,Petrol,22.75
DriveGo Eco,Automatic,1869.0,1166.0,4,No,77.8,0.58,Regular,Diesel,23.78
DriveGo Prime,Manual,1928.0,1553.0,4,Yes,59.5,0.37,Regular,CNG,26.5
DriveGo X5,Manual,1801.0,1302.0,4,No,34.0,0.53,Regular,Petrol,24.41
DriveGo Eco,Manual,1673.0,1591.0,4,No,62.9,0.23,Sport,Diesel,21.85
DriveGo Max,Automatic,1328.0,1498.0,3,No,44.3,0.82,Regular,Electric,29.54
DriveGo X5,Automatic,1172.0,1054.0,4,No,48.4,0.6,Regular,Petrol,26.48
DriveGo A1,Manual,1588.0,1240.0,4,Yes,64.6,0.67,Regular,Diesel,23.99
DriveGo X5,Automatic,1319.0,1156.0,4,No,41.6,0.25,Eco,Petrol,25.9
DriveGo Max,Manual,1600.0,835.0,6,No,36.0,0.77,Regular,CNG,25.33
DriveGo X5,Manual,1840.0,1154.0,6,No,69.6,0.7,Regular,Diesel,25.51
DriveGo Eco,Manual,1850.0,1332.0,4,No,44.2,0.3,Regular,Diesel,25.0
DriveGo Max,Automatic,1731.0,1021.0,4,No,50.8,0.55,Eco,CNG,28.2
DriveGo Max,Automatic,1311.0,1454.0,4,Yes,77.1,0.42,Eco,Petrol,27.5
DriveGo Max,Automatic,1335.0,1083.0,6,No,69.6,0.86,Regular,CNG,26.98
DriveGo A1,Automatic,1382.0,1196.0,3,Yes,32.5,0.87,Eco,CNG,28.21
DriveGo Eco,Automatic,1673.0,1120.0,4,No,73.6,0.46,Regular,Electric,31.61
DriveGo Max,Manual,1718.0,1246.0,4,No,76.6,0.76,Eco,Diesel,25.42
DriveGo Prime,Automatic,1848.0,1071.0,6,No,74.7,0.75,Regular,Petrol,21.4
DriveGo A1,Manual,1652.0,1134.0,3,Yes,76.2,0.27,Regular,Petrol,26.61
DriveGo Eco,Manual,1477.0,1273.0,3,No,60.2,0.48,Eco,Petrol,27.47
DriveGo X5,Automatic,1769.0,1164.0,4,No,49.2,0.86,Regular,Electric,28.96
DriveGo Eco,Manual,1450.0,1111.0,4,No,36.4,0.65,Regular,Petrol,25.37
DriveGo Max,Manual,1968.0,1030.0,6,No,76.2,0.26,Regular,Diesel,26.51
DriveGo Max,Automatic,1276.0,924.0,4,No,32.3,0.65,Sport,Petrol,21.54
DriveGo A1,Manual,982.0,1184.0,4,No,78.9,0.55,Sport,Diesel,24.04
DriveGo Eco,Manual,1862.0,1497.0,6,No,32.7,0.88,Eco,Petrol,22.14
DriveGo A1,Manual,1114.0,1151.0,3,Yes,33.6,0.2,Regular,Petrol,28.73
DriveGo X5,Manual,1413.0,1292.0,3,No,30.6,0.56,Eco,Petrol,25.86
DriveGo Max,Manual,2049.0,1124.0,3,No,47.1,0.28,Regular,Petrol,26.5
DriveGo A1,Manual,1016.0,1367.0,4,Yes,34.7,0.88,Regular,Electric,37.92
DriveGo Max,Manual,1409.0,800.0,4,No,63.5,0.37,Eco,Diesel,28.27
DriveGo X5,Manual,1200.0,1297.0,4,No,37.1,0.26,Regular,Diesel,29.1
DriveGo X5,Automatic,1522.0,1078.0,4,No,61.3,0.51,Regular,CNG,26.79
DriveGo Eco,Manual,1161.0,1150.0,4,Yes,77.0,0.89,Regular,Electric,37.66
DriveGo Max,Manual,1733.0,1311.0,3,Yes,39.7,0.43,Regular,Petrol,25.65
DriveGo X5,Manual,1584.0,1108.0,4,No,59.3,0.28,Regular,CNG,28.92
DriveGo Eco,Manual,1799.0,1435.0,3,No,64.6,0.26,Regular,Diesel,26.18
DriveGo Prime,Automatic,1007.0,1044.0,3,No,56.8,0.34,Eco,Diesel,28.56
DriveGo Eco,Manual,1561.0,1168.0,4,No,47.4,0.22,Eco,Petrol,28.17
DriveGo X5,Manual,1245.0,1255.0,3,No,45.3,0.29,Regular,Petrol,27.68
DriveGo Max,Automatic,1212.0,823.0,4,No,73.5,0.89,Regular,CNG,26.08
DriveGo Max,Manual,1403.0,1318.0,4,No,74.2,0.4,Regular,Diesel,25.01
DriveGo X5,Manual,1582.0,1166.0,6,No,40.5,0.32,Eco,CNG,31.91
DriveGo X5,Manual,1087.0,1511.0,4,No,31.3,0.28,Regular,Diesel,28.65
DriveGo A1,Manual,1286.0,1297.0,4,No,48.3,0.57,Regular,CNG,27.79
DriveGo Max,Manual,2125.0,903.0,4,Yes,61.1,0.74,Regular,Diesel,23.09
DriveGo X5,Manual,1581.0,871.0,4,Yes,76.6,0.81,Eco,Petrol,29.75
DriveGo Max,Automatic,1786.0,1355.0,4,No,47.9,0.46,Regular,Diesel,21.8
DriveGo Max,Manual,1641.0,1054.0,4,Yes,78.7,0.47,Eco,Petrol,28.98
DriveGo Eco,Automatic,1728.0,1184.0,4,No,71.6,0.64,Regular,Electric,31.72
DriveGo Prime,Manual,1224.0,1167.0,3,Yes,32.8,0.65,Regular,Electric,39.97
DriveGo Max,Manual,1801.0,1178.0,3,Yes,50.4,0.64,Eco,Petrol,25.44
DriveGo A1,Manual,1591.0,1378.0,4,Yes,60.6,0.36,Sport,Diesel,24.88
DriveGo X5,Manual,1473.0,1457.0,3,No,40.3,0.52,Regular,CNG,25.88
DriveGo Eco,Manual,1775.0,1498.0,6,No,72.9,0.9,Regular,CNG,23.32
DriveGo Max,Manual,1431.0,1630.0,3,No,70.0,0.32,Eco,Electric,38.25
DriveGo Eco,Manual,1568.0,967.0,4,No,43.6,0.27,Regular,Diesel,25.93
DriveGo Prime,Manual,1482.0,1192.0,6,No,36.0,0.49,Eco,Petrol,27.02
DriveGo X5,Manual,1620.0,1176.0,6,No,57.2,0.66,Eco,CNG,31.48
DriveGo Eco,Manual,1410.0,1225.0,4,Yes,42.1,0.78,Regular,Petrol,24.17
DriveGo Max,Automatic,1393.0,1406.0,4,Yes,46.8,0.87,Eco,Diesel,20.95
DriveGo Prime,Manual,1540.0,818.0,4,Yes,74.0,0.7,Sport,Petrol,23.82
DriveGo A1,Manual,1286.0,1073.0,4,No,55.7,0.27,Regular,Petrol,27.27
DriveGo X5,Manual,1196.0,988.0,4,Yes,54.7,0.83,Sport,Petrol,23.87
DriveGo Max,Automatic,1882.0,1299.0,4,No,68.1,0.36,Sport,Petrol,19.83
DriveGo X5,Manual,1116.0,1532.0,4,Yes,43.9,0.81,Eco,Petrol,26.14
DriveGo Prime,Manual,1217.0,1315.0,4,No,46.4,0.36,Regular,Diesel,25.95
DriveGo Eco,Automatic,1849.0,952.0,6,No,71.2,0.44,Regular,Diesel,23.19
DriveGo A1,Automatic,1696.0,1399.0,4,No,55.8,0.48,Eco,Diesel,22.23
DriveGo X5,Manual,1818.0,1333.0,4,No,47.4,0.77,Regular,Diesel,21.49
DriveGo X5,Manual,1661.0,1309.0,4,Yes,44.0,0.65,Regular,Diesel,25.7
DriveGo X5,Manual,1595.0,1245.0,3,Yes,44.2,0.62,Regular,Electric,35.12
DriveGo Max,Manual,1119.0,1008.0,4,No,57.8,0.73,Regular,Petrol,25.3
DriveGo Max,Automatic,1145.0,1223.0,4,No,65.8,0.54,Regular,Diesel,24.19
DriveGo Eco,Automatic,879.0,1126.0,3,No,53.4,0.69,Eco,CNG,27.34
DriveGo Max,Manual,1468.0,909.0,4,No,38.5,0.24,Regular,Petrol,30.83
DriveGo X5,Manual,1083.0,1659.0,6,No,63.4,0.25,Regular,Diesel,25.75
DriveGo Eco,Manual,1513.0,1027.0,6,No,42.1,0.35,Regular,Diesel,26.19
DriveGo X5,Manual,2007.0,1298.0,4,No,35.0,0.42,Eco,Diesel,28.09
DriveGo A1,Manual,1394.0,1405.0,4,No,70.0,0.66,Eco,Petrol,25.57
DriveGo Eco,Manual,1524.0,1497.0,3,No,57.1,0.55,Eco,Electric,36.4
DriveGo Prime,Automatic,1314.0,1440.0,4,No,70.8,0.5,Regular,Diesel,22.27
DriveGo Prime,Automatic,1490.0,1261.0,4,No,30.4,0.31,Eco,CNG,28.71
DriveGo A1,Manual,1252.0,966.0,4,No,57.2,0.47,Eco,Petrol,30.77
DriveGo Prime,Automatic,1082.0,1043.0,6,No,77.3,0.63,Eco,Diesel,26.69
DriveGo X5,Automatic,1284.0,1391.0,4,No,70.4,0.59,Regular,Electric,33.78
DriveGo Max,Automatic,1883.0,1559.0,6,Yes,78.7,0.68,Eco,Electric,34.02
DriveGo A1,Automatic,1331.0,1364.0,6,No,31.0,0.37,Regular,Petrol,21.67
DriveGo A1,Automatic,1814.0,1301.0,4,Yes,59.4,0.33,Regular,Petrol,25.14
DriveGo Eco,Automatic,1557.0,1241.0,4,Yes,41.6,0.73,Regular,Petrol,21.85
DriveGo A1,Manual,1507.0,1086.0,4,Yes,64.8,0.76,Eco,Diesel,25.92
DriveGo A1,Manual,2104.0,1299.0,4,No,40.4,0.8,Eco,CNG,26.87
DriveGo Max,Automatic,1113.0,1101.0,3,No,64.8,0.47,Sport,Electric,32.3
DriveGo Max,Manual,1438.0,1056.0,4,No,71.7,0.89,Eco,Petrol,22.86
DriveGo X5,Manual,1520.0,1469.0,6,No,60.0,0.55,Eco,CNG,30.6
DriveGo Prime,Manual,800.0,900.0,4,No,46.4,0.82,Regular,Petrol,27.57
DriveGo Max,Automatic,1754.0,877.0,4,No,67.7,0.26,Sport,Electric,36.26
DriveGo Max,Automatic,1434.0,913.0,3,No,53.6,0.58,Regular,Petrol,23.98
DriveGo Eco,Manual,1091.0,1379.0,4,No,52.8,0.55,Regular,CNG,25.28
DriveGo X5,Manual,1043.0,1184.0,4,No,74.8,0.4,Sport,Diesel,24.47
DriveGo Max,Manual,1031.0,1265.0,4,No,30.2,0.74,Regular,Diesel,24.44
DriveGo A1,Manual,1413.0,1017.0,4,No,55.5,0.89,Regular,CNG,24.85
DriveGo Max,Automatic,1316.0,841.0,4,Yes,67.1,0.67,Regular,Petrol,26.53
DriveGo Prime,Automatic,1141.0,1339.0,3,No,51.3,0.46,Eco,Petrol,25.11
DriveGo Max,Manual,1001.0,1265.0,4,No,40.3,0.41,Regular,Petrol,28.89
DriveGo Prime,Manual,2042.0,1563.0,4,No,74.6,0.46,Sport,Diesel,20.3
DriveGo Max,Manual,1768.0,1137.0,3,No,30.9,0.45,Sport,Diesel,21.93
DriveGo A1,Manual,1339.0,1070.0,4,No,44.3,0.25,Regular,Diesel,28.53
DriveGo X5,Manual,1183.0,952.0,3,Yes,76.8,0.64,Regular,Petrol,25.29
DriveGo Max,Manual,1311.0,1735.0,4,No,75.5,0.53,Regular,Diesel,27.27
DriveGo X5,Manual,1632.0,1508.0,3,No,62.0,0.78,Regular,Diesel,24.16
DriveGo A1,Manual,1876.0,1201.0,4,No,52.1,0.69,Regular,Petrol,24.2
DriveGo A1,Automatic,1452.0,936.0,4,No,40.2,0.88,Eco,CNG,23.89
DriveGo Eco,Automatic,1533.0,863.0,4,Yes,71.0,0.49,Regular,Petrol,26.22
DriveGo X5,Automatic,1333.0,903.0,6,Yes,50.0,0.33,Eco,Petrol,26.94
DriveGo A1,Automatic,2150.0,1159.0,4,No,34.6,0.25,Eco,Diesel,25.18
DriveGo X5,Manual,1037.0,991.0,4,No,79.8,0.63,Eco,Electric,40.38
DriveGo A1,Manual,1684.0,1131.0,4,Yes,37.7,0.24,Regular,Petrol,26.85
DriveGo Eco,Automatic,996.0,1141.0,6,No,62.5,0.63,Regular,CNG,27.21
DriveGo Max,Manual,1811.0,956.0,3,No,76.3,0.89,Eco,Diesel,27.47
DriveGo Prime,Manual,1459.0,1552.0,4,No,61.4,0.32,Sport,CNG,29.64
DriveGo Eco,Manual,1246.0,1209.0,4,No,73.4,0.71,Eco,Diesel,28.78
DriveGo Prime,Automatic,1468.0,1476.0,4,No,44.8,0.59,Eco,Petrol,22.64
DriveGo Eco,Manual,1410.0,1381.0,4,Yes,48.1,0.52,Eco,CNG,31.09
DriveGo Prime,Manual,1369.0,1009.0,6,Yes,40.8,0.43,Regular,Electric,38.71
DriveGo X5,Automatic,1296.0,1285.0,3,No,78.5,0.51,Eco,Petrol,24.34
DriveGo Prime,Automatic,1852.0,1329.0,4,No,37.0,0.5,Eco,Petrol,24.79
DriveGo A1,Manual,1556.0,1233.0,4,No,30.9,0.76,Sport,Petrol,19.39
DriveGo Max,Manual,1201.0,1341.0,4,No,76.5,0.3,Eco,Diesel,29.88
DriveGo Prime,Automatic,1458.0,1009.0,6,Yes,40.0,0.78,Regular,CNG,27.54
DriveGo Prime,Automatic,1261.0,818.0,4,No,69.8,0.52,Regular,Petrol,24.5
DriveGo Prime,Manual,1550.0,1391.0,6,No,69.7,0.23,Regular,Petrol,26.8
DriveGo Eco,Manual,1502.0,953.0,4,Yes,32.4,0.41,Eco,CNG,31.72
DriveGo Max,Automatic,1778.0,1094.0,3,No,36.9,0.35,Regular,CNG,25.94
DriveGo A1,Automatic,1337.0,887.0,3,No,71.2,0.25,Regular,Diesel,27.32
DriveGo A1,Automatic,1343.0,1091.0,4,No,30.0,0.26,Regular,CNG,28.27
DriveGo Max,Automatic,1269.0,1409.0,6,No,32.8,0.76,Regular,Petrol,24.08
DriveGo Max,Manual,1397.0,1350.0,4,No,37.3,0.75,Regular,Electric,34.91
DriveGo Prime,Automatic,1753.0,923.0,4,Yes,70.0,0.51,Regular,Petrol,21.72
DriveGo Max,Manual,1551.0,1436.0,6,Yes,40.5,0.28,Sport,CNG,27.0
DriveGo Eco,Manual,1550.0,1491.0,3,No,64.4,0.33,Regular,Petrol,22.58
DriveGo Prime,Manual,1665.0,1581.0,4,No,66.4,0.7,Eco,Petrol,23.91
DriveGo A1,Manual,800.0,1155.0,4,No,69.5,0.32,Eco,Diesel,28.64
DriveGo Eco,Automatic,1540.0,1088.0,4,Yes,63.1,0.35,Regular,Petrol,26.25
DriveGo A1,Manual,1581.0,1318.0,6,Yes,62.3,0.75,Regular,CNG,28.88
DriveGo X5,Manual,2163.0,1329.0,4,No,74.7,0.52,Regular,Diesel,22.88
DriveGo A1,Manual,1706.0,1175.0,4,Yes,40.0,0.83,Eco,Diesel,24.4
DriveGo X5,Manual,1822.0,1280.0,4,Yes,37.0,0.31,Eco,Electric,39.08
DriveGo A1,Manual,1885.0,1013.0,4,No,58.8,0.87,Regular,Diesel,22.36
DriveGo Max,Automatic,1446.0,1152.0,3,No,30.4,0.54,Sport,Petrol,22.55
DriveGo X5,Manual,1016.0,1259.0,3,Yes,59.4,0.81,Regular,Diesel,28.33
DriveGo Max,Manual,1391.0,1371.0,4,No,67.3,0.22,Regular,Petrol,28.28
DriveGo A1,Manual,1227.0,1231.0,4,No,56.0,0.85,Sport,Petrol,21.42
DriveGo Max,Automatic,1667.0,1222.0,4,Yes,45.0,0.56,Regular,Petrol,24.46
DriveGo Eco,Automatic,1240.0,923.0,4,Yes,34.7,0.49,Eco,Petrol,27.31
DriveGo Eco,Automatic,1353.0,1321.0,4,No,43.1,0.26,Regular,Petrol,24.62
DriveGo Max,Manual,1992.0,1255.0,3,Yes,46.9,0.54,Eco,CNG,26.16
DriveGo A1,Manual,1247.0,1170.0,4,No,71.8,0.67,Regular,CNG,28.31
DriveGo A1,Manual,1547.0,1154.0,6,Yes,51.3,0.3,Regular,Petrol,28.32
DriveGo A1,Manual,1326.0,915.0,4,Yes,40.8,0.79,Eco,Petrol,31.19
DriveGo Prime,Automatic,1434.0,1085.0,6,No,30.3,0.48,Sport,Diesel,18.57
DriveGo Max,Automatic,1542.0,1600.0,4,No,79.1,0.44,Regular,Diesel,26.08
DriveGo A1,Manual,1085.0,974.0,3,No,50.5,0.36,Sport,Petrol,26.3
DriveGo Max,Automatic,1773.0,1308.0,4,No,71.5,0.48,Eco,Diesel,24.32
DriveGo A1,Manual,1704.0,800.0,4,No,58.6,0.81,Regular,Diesel,25.28
DriveGo A1,Manual,1726.0,1031.0,4,No,66.0,0.41,Eco,Petrol,29.79
DriveGo A1,Manual,1379.0,1352.0,3,No,56.6,0.26,Eco,Petrol,27.85
DriveGo Max,Automatic,1500.0,1571.0,3,No,36.1,0.25,Regular,Petrol,22.78
DriveGo Eco,Manual,1772.0,1249.0,6,No,58.0,0.34,Eco,Petrol,24.25
DriveGo Max,Automatic,1445.0,1435.0,4,No,67.2,0.51,Regular,Petrol,23.84
DriveGo X5,Automatic,1705.0,1039.0,3,No,53.6,0.88,Regular,Electric,31.67
DriveGo Eco,Automatic,1202.0,1194.0,4,Yes,61.7,0.62,Eco,Petrol,24.92
DriveGo A1,Manual,1435.0,1081.0,4,Yes,67.4,0.69,Regular,Petrol,27.0
DriveGo Max,Manual,852.0,1399.0,6,No,69.6,0.22,Regular,Petrol,26.9
DriveGo A1,Manual,1255.0,1108.0,4,Yes,70.7,0.27,Eco,CNG,32.49
DriveGo A1,Manual,1835.0,1073.0,4,No,76.5,0.58,Regular,Petrol,23.59
DriveGo Prime,Automatic,1418.0,1119.0,3,No,37.9,0.72,Sport,Petrol,21.97
DriveGo Prime,Manual,1187.0,1326.0,6,No,38.2,0.76,Eco,Diesel,25.89
DriveGo Prime,Manual,1961.0,1138.0,4,Yes,61.7,0.68,Regular,Petrol,25.68
DriveGo Prime,Automatic,1827.0,937.0,4,No,30.9,0.32,Eco,Petrol,24.22
DriveGo A1,Manual,1661.0,800.0,4,No,52.4,0.26,Regular,Petrol,27.29
DriveGo Prime,Automatic,2204.0,1227.0,4,Yes,57.0,0.32,Regular,Petrol,21.7
DriveGo Max,Automatic,1935.0,1259.0,3,No,59.0,0.38,Regular,Petrol,23.92
DriveGo A1,Manual,1836.0,1097.0,4,No,51.9,0.73,Eco,Petrol,26.34
DriveGo Eco,Automatic,1638.0,1390.0,6,No,34.3,0.55,Regular,CNG,23.2
DriveGo X5,Automatic,946.0,1519.0,3,No,41.1,0.62,Regular,Diesel,23.86
DriveGo Max,Manual,1218.0,1457.0,4,No,64.6,0.79,Regular,Diesel,25.64
DriveGo Max,Automatic,1744.0,971.0,4,No,68.9,0.42,Eco,Diesel,23.18
DriveGo Prime,Manual,1515.0,1298.0,4,Yes,60.5,0.7,Eco,CNG,27.71
DriveGo X5,Automatic,1578.0,1070.0,4,No,56.6,0.51,Regular,Diesel,24.27
DriveGo Prime,Manual,1750.0,1309.0,3,No,44.3,0.73,Sport,Petrol,21.81
DriveGo Prime,Automatic,1541.0,1186.0,4,No,36.3,0.79,Eco,Electric,34.2
DriveGo A1,Automatic,1415.0,1343.0,6,No,32.8,0.81,Regular,Petrol,23.84
DriveGo Eco,Manual,1687.0,1376.0,4,Yes,45.8,0.42,Regular,Diesel,25.91
DriveGo Max,Manual,922.0,1152.0,3,Yes,56.2,0.21,Eco,Petrol,30.23
DriveGo Max,Manual,1032.0,893.0,3,Yes,71.9,0.89,Regular,CNG,29.82
DriveGo A1,Automatic,1417.0,1142.0,6,No,44.0,0.71,Sport,Petrol,20.8
DriveGo Max,Automatic,1472.0,1106.0,4,Yes,31.5,0.22,Regular,Diesel,25.28
DriveGo Prime,Automatic,1160.0,1270.0,6,No,65.7,0.45,Sport,Petrol,21.42
DriveGo Max,Manual,1832.0,1163.0,4,Yes,73.7,0.39,Eco,Petrol,29.13
DriveGo Eco,Automatic,1216.0,937.0,4,No,64.1,0.74,Regular,Petrol,25.13
DriveGo X5,Manual,1624.0,1149.0,4,No,73.0,0.85,Regular,Petrol,25.76
DriveGo X5,Manual,1500.0,1280.0,4,No,66.7,0.63,Regular,Diesel,24.43
DriveGo X5,Manual,1571.0,1186.0,4,No,42.2,0.39,Eco,Diesel,27.05
DriveGo Eco,Manual,1493.0,1351.0,4,No,63.8,0.77,Regular,Electric,31.56
DriveGo X5,Automatic,1364.0,1221.0,3,No,75.6,0.29,Regular,Petrol,24.48
DriveGo X5,Automatic,1992.0,964.0,6,No,78.9,0.73,Sport,CNG,22.27
DriveGo Prime,Manual,1319.0,1149.0,6,Yes,61.2,0.49,Eco,Petrol,26.69
DriveGo A1,Manual,2037.0,1213.0,6,Yes,69.5,0.36,Regular,Petrol,26.52
DriveGo Max,Automatic,2171.0,1506.0,6,Yes,67.5,0.53,Eco,Diesel,25.5
DriveGo A1,Manual,1160.0,1245.0,6,No,79.9,0.74,Regular,Electric,36.13
DriveGo A1,Automatic,1792.0,1139.0,4,Yes,60.7,0.6,Regular,Diesel,23.99
DriveGo Max,Manual,1771.0,1155.0,4,No,58.8,0.53,Eco,Diesel,25.8
DriveGo A1,Automatic,1911.0,1265.0,6,Yes,39.8,0.46,Sport,CNG,23.87
DriveGo Max,Manual,1326.0,1196.0,6,No,46.7,0.56,Regular,Petrol,22.96
DriveGo A1,Manual,1507.0,1341.0,4,No,38.1,0.63,Regular,Electric,33.44
DriveGo X5,Manual,1733.0,1306.0,4,No,56.8,0.42,Sport,Electric,31.43
DriveGo Prime,Manual,1515.0,1216.0,4,No,72.1,0.51,Regular,Diesel,27.06
DriveGo Prime,Automatic,1402.0,1498.0,3,Yes,66.2,0.34,Eco,Petrol,25.65
DriveGo A1,Manual,800.0,1445.0,4,Yes,39.9,0.6,Eco,Diesel,27.98
DriveGo A1,Manual,1484.0,1169.0,4,No,41.1,0.45,Eco,Petrol,26.64
DriveGo X5,Automatic,1422.0,936.0,4,Yes,41.7,0.46,Regular,Electric,36.34
DriveGo Max,Manual,1448.0,1349.0,4,No,43.2,0.61,Eco,Diesel,26.79
DriveGo Prime,Manual,1228.0,1015.0,3,No,54.7,0.83,Eco,Diesel,25.38
DriveGo X5,Automatic,1419.0,1455.0,6,No,61.2,0.41,Eco,CNG,25.28
DriveGo A1,Automatic,1638.0,941.0,6,No,40.1,0.65,Regular,Petrol,22.36
DriveGo X5,Automatic,1689.0,907.0,4,No,38.4,0.72,Regular,Diesel,22.43
DriveGo A1,Automatic,1500.0,1133.0,3,Yes,73.4,0.87,Eco,Diesel,25.1
DriveGo Max,Automatic,1398.0,1182.0,4,Yes,59.8,0.83,Regular,Electric,32.63
DriveGo A1,Automatic,1843.0,1395.0,6,No,36.2,0.77,Regular,CNG,22.35
DriveGo Eco,Automatic,1393.0,1143.0,4,No,30.1,0.68,Regular,CNG,23.56
DriveGo Eco,Automatic,1658.0,1069.0,4,No,59.6,0.81,Sport,Diesel,19.75
DriveGo Eco,Manual,1213.0,1092.0,4,No,33.5,0.35,Regular,Diesel,26.65
DriveGo Max,Automatic,1431.0,1304.0,4,No,66.2,0.57,Regular,Petrol,22.12
DriveGo Max,Manual,1489.0,1222.0,4,No,68.7,0.22,Eco,Petrol,28.55
DriveGo Eco,Manual,1447.0,1433.0,4,Yes,72.2,0.38,Regular,Electric,35.31
DriveGo A1,Manual,1971.0,1169.0,3,No,44.6,0.55,Sport,Petrol,22.8
DriveGo X5,Manual,1245.0,1228.0,4,Yes,55.7,0.47,Regular,Petrol,29.73
DriveGo A1,Manual,1817.0,1516.0,4,No,60.2,0.61,Regular,Diesel,23.55
DriveGo Prime,Automatic,1217.0,1375.0,4,Yes,50.9,0.22,Regular,Diesel,25.49
DriveGo Prime,Manual,1305.0,1357.0,4,No,73.0,0.33,Regular,CNG,29.66
DriveGo Max,Manual,1458.0,1230.0,4,No,62.7,0.46,Eco,Diesel,24.3
DriveGo Prime,Automatic,1754.0,1733.0,4,No,79.0,0.35,Eco,CNG,25.61
DriveGo Eco,Manual,1291.0,1166.0,4,No,59.2,0.43,Regular,Diesel,27.73
DriveGo Prime,Automatic,1387.0,1178.0,4,No,71.4,0.79,Regular,CNG,25.27
DriveGo A1,Manual,1194.0,1040.0,4,No,53.1,0.52,Sport,Petrol,24.51
DriveGo A1,Manual,1871.0,1415.0,6,No,76.6,0.63,Regular,Diesel,20.19
DriveGo Eco,Manual,1556.0,1193.0,3,No,71.8,0.39,Regular,Electric,34.68
DriveGo A1,Manual,1842.0,1188.0,4,No,47.1,0.68,Regular,Petrol,26.16
DriveGo A1,Automatic,1528.0,1358.0,4,No,45.5,0.58,Eco,Petrol,25.18
DriveGo Max,Manual,1153.0,1184.0,4,Yes,46.3,0.27,Eco,CNG,34.68
DriveGo X5,Manual,1386.0,951.0,4,Yes,33.2,0.8,Sport,Diesel,27.31
DriveGo Max,Manual,1867.0,1119.0,3,No,43.5,0.56,Regular,CNG,23.05
DriveGo Eco,Manual,1153.0,1394.0,4,No,47.6,0.5,Regular,CNG,26.36
DriveGo X5,Manual,2033.0,894.0,4,No,50.7,0.76,Regular,Electric,33.77
DriveGo X5,Manual,2239.0,1620.0,4,No,36.1,0.56,Regular,Petrol,19.16
DriveGo A1,Automatic,1547.0,1072.0,4,No,67.2,0.83,Regular,CNG,24.94
DriveGo X5,Automatic,1278.0,1207.0,4,No,50.6,0.75,Eco,Electric,34.54
DriveGo Max,Manual,1510.0,1114.0,4,No,69.9,0.85,Regular,Petrol,23.84
DriveGo Eco,Manual,1677.0,1237.0,4,No,47.4,0.59,Regular,Petrol,25.0
DriveGo A1,Manual,1752.0,1261.0,4,No,32.1,0.59,Regular,Petrol,24.21
DriveGo Eco,Manual,1714.0,1153.0,3,Yes,60.3,0.71,Regular,Petrol,24.84
DriveGo Eco,Manual,1397.0,1046.0,4,No,31.9,0.44,Regular,CNG,28.73
DriveGo Prime,Automatic,1543.0,1319.0,3,Yes,47.3,0.49,Sport,Petrol,22.25
DriveGo Max,Automatic,1247.0,1297.0,4,No,34.8,0.5,Regular,CNG,27.77
DriveGo A1,Manual,1626.0,1097.0,4,Yes,67.9,0.63,Regular,Diesel,27.58
DriveGo X5,Manual,1003.0,1018.0,4,No,67.0,0.28,Regular,Petrol,26.42
DriveGo X5,Manual,1853.0,800.0,3,No,73.0,0.22,Eco,Diesel,30.1
DriveGo X5,Manual,1519.0,1397.0,6,Yes,31.4,0.77,Regular,CNG,27.62
DriveGo Prime,Manual,1249.0,1572.0,4,No,39.0,0.77,Regular,CNG,26.73
DriveGo Eco,Manual,1422.0,1156.0,4,No,30.5,0.67,Sport,Petrol,24.83
DriveGo X5,Manual,1511.0,1229.0,4,Yes,79.3,0.44,Regular,Diesel,25.84
DriveGo Prime,Manual,1901.0,1495.0,3,No,43.4,0.42,Eco,CNG,27.11
DriveGo X5,Manual,1725.0,1283.0,4,Yes,63.3,0.56,Sport,Petrol,23.16
DriveGo Max,Automatic,1813.0,1331.0,4,Yes,49.5,0.3,Regular,Petrol,26.21
DriveGo Prime,Automatic,1844.0,1405.0,6,No,77.3,0.49,Regular,Petrol,22.63
DriveGo X5,Automatic,1717.0,1059.0,4,No,44.4,0.29,Regular,Diesel,24.22
DriveGo X5,Automatic,1431.0,1092.0,4,No,77.9,0.67,Regular,Petrol,23.54
DriveGo A1,Automatic,1158.0,832.0,4,Yes,54.7,0.23,Regular,Diesel,25.02
DriveGo Prime,Automatic,1182.0,936.0,6,No,58.4,0.52,Regular,CNG,28.61
DriveGo Prime,Automatic,1183.0,1232.0,6,Yes,71.9,0.69,Regular,CNG,23.65
DriveGo X5,Manual,1168.0,1221.0,6,Yes,75.4,0.52,Eco,Petrol,30.18
DriveGo Eco,Manual,1230.0,1317.0,6,No,36.3,0.68,Eco,Petrol,30.0
DriveGo A1,Manual,1475.0,1248.0,6,Yes,43.2,0.67,Regular,Diesel,28.03
DriveGo Prime,Manual,1622.0,800.0,4,Yes,51.4,0.8,Regular,Petrol,25.88
DriveGo Max,Automatic,2225.0,1033.0,4,No,44.3,0.3,Eco,Petrol,23.24
DriveGo Max,Manual,1488.0,1382.0,4,Yes,65.8,0.65,Regular,CNG,27.72
DriveGo A1,Manual,1833.0,1287.0,4,Yes,45.1,0.25,Sport,CNG,27.82
DriveGo A1,Manual,1826.0,1019.0,4,Yes,74.1,0.35,Regular,CNG,30.95
DriveGo X5,Automatic,2043.0,1424.0,6,No,48.9,0.24,Eco,Petrol,24.07
DriveGo X5,Manual,1524.0,1091.0,4,Yes,50.8,0.3,Sport,Petrol,26.78
DriveGo Eco,Manual,1263.0,1299.0,4,No,55.7,0.53,Regular,CNG,27.02
DriveGo Max,Automatic,1463.0,1174.0,6,No,50.4,0.65,Eco,Electric,32.98
DriveGo Max,Automatic,1466.0,1199.0,4,No,51.3,0.85,Eco,Electric,32.68
DriveGo Max,Manual,1525.0,896.0,4,No,30.8,0.74,Regular,Petrol,25.18
DriveGo A1,Manual,1615.0,1408.0,4,No,40.8,0.43,Eco,CNG,28.2
DriveGo Eco,Manual,1123.0,1249.0,3,Yes,66.8,0.75,Eco,Electric,37.3
DriveGo Prime,Manual,1652.0,1364.0,4,No,78.4,0.57,Regular,Diesel,24.41
DriveGo Prime,Automatic,1586.0,905.0,4,Yes,63.2,0.45,Regular,Diesel,24.73
DriveGo A1,Manual,1878.0,1262.0,3,Yes,70.7,0.55,Regular,Petrol,23.16
DriveGo X5,Manual,1823.0,1374.0,6,No,57.4,0.39,Regular,Electric,36.05
DriveGo Prime,Manual,1449.0,1088.0,6,Yes,62.4,0.7,Regular,Petrol,25.2
DriveGo Eco,Automatic,1865.0,1106.0,4,No,72.9,0.32,Sport,CNG,26.29
DriveGo Eco,Automatic,1085.0,1080.0,4,Yes,68.4,0.56,Eco,Petrol,24.58
DriveGo Eco,Manual,1345.0,1205.0,3,No,55.3,0.52,Regular,Petrol,24.16
DriveGo X5,Manual,1471.0,1081.0,6,No,42.2,0.86,Regular,Petrol,23.77
DriveGo Max,Automatic,1070.0,800.0,4,No,33.4,0.52,Eco,CNG,31.73
DriveGo Prime,Manual,1512.0,1116.0,6,No,48.1,0.42,Eco,Electric,38.15
DriveGo Prime,Manual,1838.0,1125.0,6,Yes,38.6,0.88,Regular,Diesel,25.74
DriveGo Eco,Automatic,1689.0,1407.0,4,No,47.7,0.67,Regular,Petrol,23.51
DriveGo Prime,Manual,1400.0,1141.0,3,No,76.5,0.22,Regular,Petrol,27.49
DriveGo Max,Manual,1876.0,1373.0,4,Yes,69.1,0.78,Regular,CNG,26.41
DriveGo Eco,Manual,1943.0,1239.0,6,Yes,36.8,0.56,Sport,CNG,27.65
DriveGo X5,Manual,1575.0,1191.0,4,No,31.9,0.25,Regular,Petrol,24.65
DriveGo X5,Manual,1515.0,1028.0,4,No,56.7,0.75,Eco,Electric,35.91
DriveGo A1,Manual,1722.0,1174.0,3,No,76.6,0.84,Eco,Diesel,24.44
DriveGo A1,Manual,1141.0,851.0,4,Yes,73.5,0.36,Regular,CNG,28.96
DriveGo Prime,Manual,1025.0,991.0,4,No,60.9,0.25,Eco,Petrol,32.27
DriveGo X5,Automatic,1443.0,1372.0,4,No,62.0,0.6,Regular,Diesel,21.18
DriveGo A1,Automatic,1150.0,900.0,4,No,58.2,0.27,Regular,CNG,28.9
DriveGo Eco,Manual,1350.0,1403.0,6,Yes,64.0,0.4,Regular,CNG,27.37
DriveGo Prime,Manual,1375.0,1810.0,4,No,74.0,0.28,Regular,CNG,27.98
DriveGo Prime,Manual,2299.0,1010.0,6,No,35.9,0.27,Eco,Electric,36.0
DriveGo Eco,Automatic,1459.0,1462.0,4,No,60.7,0.81,Eco,Petrol,21.05
DriveGo Max,Manual,1654.0,1051.0,4,No,76.7,0.27,Regular,Petrol,26.74
DriveGo A1,Automatic,1228.0,1304.0,4,No,56.2,0.34,Regular,Petrol,25.18
DriveGo Eco,Manual,1801.0,1154.0,6,No,63.7,0.72,Regular,Petrol,23.93
DriveGo A1,Manual,1942.0,1326.0,3,Yes,36.0,0.27,Sport,CNG,26.19
DriveGo Eco,Manual,1608.0,1144.0,4,No,77.8,0.4,Regular,Diesel,25.97
DriveGo Prime,Automatic,1568.0,1178.0,4,No,64.2,0.74,Regular,Diesel,23.74
DriveGo X5,Manual,1338.0,1320.0,3,Yes,64.2,0.49,Regular,Petrol,26.32
DriveGo X5,Manual,2337.0,1230.0,4,No,76.1,0.26,Sport,Diesel,21.93
DriveGo Eco,Automatic,1361.0,1249.0,4,No,32.0,0.33,Eco,Diesel,28.02
DriveGo Max,Manual,1488.0,1492.0,3,Yes,78.9,0.65,Eco,Electric,35.52
DriveGo Eco,Automatic,2011.0,984.0,4,No,63.2,0.82,Regular,Electric,31.21
DriveGo Prime,Manual,1942.0,1058.0,6,No,72.7,0.77,Eco,Petrol,26.53
DriveGo Max,Automatic,1781.0,1116.0,4,Yes,41.3,0.44,Eco,Petrol,27.93
DriveGo Prime,Manual,1559.0,1418.0,4,Yes,48.5,0.64,Regular,Diesel,25.13
DriveGo Eco,Automatic,1736.0,1468.0,4,Yes,65.8,0.49,Sport,Petrol,20.81
DriveGo Prime,Manual,1520.0,1219.0,4,No,69.5,0.73,Regular,Petrol,26.54
DriveGo Prime,Manual,1594.0,1004.0,4,Yes,73.7,0.53,Regular,Petrol,25.59
DriveGo Eco,Automatic,1507.0,1376.0,6,No,56.3,0.43,Eco,Diesel,25.81
DriveGo Prime,Manual,1362.0,1334.0,4,No,61.0,0.39,Sport,Petrol,25.93
DriveGo Prime,Manual,1409.0,1265.0,4,No,78.3,0.34,Regular,Petrol,25.73
DriveGo Prime,Manual,1672.0,1209.0,6,No,46.6,0.58,Regular,Petrol,24.7
DriveGo Max,Manual,1886.0,1201.0,4,Yes,58.3,0.82,Regular,Diesel,24.55
DriveGo Max,Manual,1548.0,850.0,4,No,58.4,0.68,Regular,Petrol,25.97
DriveGo Eco,Manual,2035.0,1593.0,4,Yes,57.5,0.44,Regular,CNG,27.03
DriveGo Prime,Manual,985.0,1401.0,4,Yes,55.9,0.58,Regular,CNG,29.67
DriveGo Prime,Automatic,1389.0,1221.0,4,No,38.9,0.35,Regular,Petrol,25.31
DriveGo Eco,Automatic,1677.0,1467.0,4,Yes,42.6,0.55,Regular,Petrol,23.74
DriveGo Prime,Automatic,1836.0,1383.0,4,No,67.5,0.9,Regular,Petrol,22.45
DriveGo Prime,Manual,1847.0,1415.0,3,Yes,75.6,0.61,Regular,Diesel,23.78
DriveGo Max,Automatic,1669.0,1320.0,4,Yes,69.6,0.6,Sport,Diesel,21.49
DriveGo A1,Automatic,1616.0,1193.0,3,No,40.0,0.21,Regular,Petrol,25.19
DriveGo Prime,Automatic,1470.0,1051.0,4,No,33.4,0.75,Eco,Electric,33.15
DriveGo A1,Manual,1580.0,1113.0,4,No,60.0,0.81,Regular,Diesel,26.3
DriveGo X5,Automatic,1752.0,875.0,6,No,35.6,0.55,Regular,Petrol,25.49
DriveGo Max,Manual,1392.0,1207.0,4,Yes,66.9,0.72,Eco,Petrol,25.34
DriveGo Max,Manual,1079.0,1450.0,4,Yes,53.2,0.38,Regular,Petrol,27.2
DriveGo Eco,Manual,1419.0,1049.0,4,No,32.8,0.9,Regular,Diesel,26.68
DriveGo Prime,Automatic,1767.0,1312.0,3,No,73.2,0.42,Regular,Diesel,21.83
DriveGo Eco,Manual,1290.0,1095.0,4,No,30.0,0.3,Eco,Diesel,30.87
DriveGo A1,Manual,1951.0,1391.0,4,No,54.2,0.83,Eco,Electric,34.18
DriveGo A1,Manual,1667.0,988.0,4,No,30.5,0.36,Regular,Diesel,28.59
DriveGo Prime,Manual,1196.0,809.0,4,No,54.9,0.74,Regular,Diesel,27.02
DriveGo A1,Manual,1204.0,1421.0,4,Yes,67.2,0.69,Eco,Petrol,26.72
DriveGo Eco,Manual,1512.0,1286.0,4,No,60.0,0.81,Eco,Diesel,19.7
DriveGo X5,Manual,1871.0,1037.0,4,No,75.5,0.22,Regular,Petrol,26.73
DriveGo Eco,Manual,1501.0,1188.0,4,Yes,53.6,0.27,Regular,CNG,32.78
DriveGo Prime,Manual,1730.0,1133.0,6,No,71.8,0.33,Regular,Petrol,25.37
DriveGo X5,Manual,1254.0,1437.0,4,Yes,33.1,0.7,Regular,Diesel,28.8
DriveGo Max,Automatic,1620.0,1359.0,4,No,63.7,0.48,Regular,Diesel,23.82
DriveGo A1,Manual,1476.0,1167.0,6,No,38.1,0.38,Sport,Petrol,25.01
DriveGo X5,Manual,1377.0,1237.0,4,Yes,58.5,0.21,Regular,Petrol,30.02
DriveGo A1,Automatic,1688.0,800.0,4,No,65.6,0.81,Regular,Petrol,21.29
DriveGo X5,Automatic,1411.0,1168.0,4,No,76.6,0.88,Eco,Petrol,26.51
DriveGo X5,Automatic,1637.0,1040.0,3,No,76.2,0.7,Regular,Petrol,22.96
DriveGo Prime,Automatic,2082.0,1176.0,6,No,75.8,0.89,Sport,Diesel,19.1
DriveGo Prime,Automatic,1858.0,1339.0,3,No,39.5,0.45,Regular,Petrol,21.55
DriveGo X5,Manual,2365.0,1195.0,4,No,57.6,0.33,Regular,CNG,27.65
DriveGo Prime,Manual,1546.0,1139.0,6,No,39.8,0.81,Eco,Diesel,23.58
DriveGo Eco,Manual,1413.0,1377.0,4,No,30.2,0.34,Regular,CNG,27.35
DriveGo X5,Automatic,1819.0,1210.0,6,No,43.4,0.79,Eco,Electric,33.35
DriveGo Prime,Manual,1526.0,1083.0,6,No,42.7,0.79,Eco,CNG,27.86
DriveGo Eco,Manual,1358.0,1270.0,4,Yes,40.3,0.39,Eco,Diesel,29.13
DriveGo Prime,Manual,1884.0,1273.0,4,No,37.1,0.3,Regular,CNG,28.84
DriveGo Eco,Manual,1685.0,1283.0,4,Yes,66.6,0.66,Regular,Petrol,23.8
DriveGo A1,Automatic,1440.0,840.0,3,No,69.9,0.75,Regular,CNG,23.47
DriveGo X5,Automatic,1706.0,1307.0,3,No,36.3,0.68,Regular,Petrol,21.49
DriveGo Prime,Manual,1458.0,1145.0,3,No,31.0,0.78,Sport,CNG,22.99
DriveGo Max,Automatic,1322.0,904.0,6,Yes,52.1,0.66,Regular,Petrol,25.38
DriveGo Max,Manual,1532.0,1312.0,4,No,30.9,0.46,Regular,CNG,25.94
DriveGo A1,Manual,1489.0,1362.0,3,Yes,53.4,0.25,Regular,Petrol,26.51
DriveGo X5,Manual,1413.0,1256.0,4,No,46.7,0.54,Regular,Electric,34.72
DriveGo Max,Manual,1185.0,1292.0,6,No,70.4,0.87,Regular,Petrol,23.87
DriveGo Prime,Manual,1381.0,1173.0,4,No,40.5,0.59,Sport,Petrol,23.49
DriveGo Max,Automatic,1768.0,886.0,4,No,32.7,0.86,Regular,CNG,22.19
DriveGo Max,Manual,1303.0,1240.0,4,No,52.5,0.89,Regular,Diesel,25.15
DriveGo X5,Automatic,1953.0,1147.0,4,No,34.2,0.42,Eco,Diesel,24.63
DriveGo Max,Manual,1534.0,1127.0,4,No,57.4,0.25,Regular,Petrol,26.69
DriveGo Prime,Manual,1470.0,1015.0,3,No,68.9,0.43,Eco,Electric,36.76
DriveGo A1,Automatic,1628.0,1259.0,4,No,39.5,0.76,Regular,Diesel,22.49
DriveGo Max,Manual,1531.0,1118.0,4,Yes,63.9,0.67,Regular,Petrol,27.13
DriveGo X5,Automatic,1750.0,1121.0,4,No,66.9,0.58,Regular,Diesel,20.44
DriveGo X5,Manual,1528.0,1385.0,3,No,77.0,0.58,Eco,Petrol,24.15
DriveGo Eco,Automatic,1302.0,1016.0,4,Yes,55.6,0.25,Regular,Diesel,25.13
DriveGo Max,Automatic,1868.0,1491.0,3,Yes,36.0,0.68,Eco,Petrol,21.71
DriveGo X5,Manual,1184.0,1265.0,4,Yes,49.1,0.34,Regular,CNG,28.88
DriveGo X5,Manual,1317.0,1313.0,4,No,39.8,0.22,Sport,Petrol,22.94
DriveGo A1,Manual,1510.0,1270.0,4,Yes,32.1,0.42,Eco,Petrol,28.57
DriveGo Prime,Manual,911.0,1567.0,3,Yes,52.6,0.49,Regular,Petrol,29.54
DriveGo Eco,Automatic,1856.0,1578.0,4,No,44.7,0.29,Eco,Petrol,23.25
DriveGo A1,Manual,1600.0,1157.0,4,Yes,70.3,0.23,Regular,CNG,27.87
DriveGo Max,Manual,1687.0,1093.0,6,No,56.2,0.51,Regular,Diesel,26.55
DriveGo A1,Manual,1534.0,1214.0,4,No,43.3,0.79,Eco,Petrol,26.25
DriveGo Max,Manual,1255.0,1165.0,6,No,35.7,0.43,Regular,Diesel,27.92
DriveGo X5,Manual,1471.0,1104.0,4,Yes,67.9,0.76,Eco,Diesel,28.65
DriveGo Eco,Manual,1642.0,1154.0,4,No,61.4,0.84,Regular,Diesel,24.96
DriveGo Prime,Automatic,1537.0,1124.0,6,No,56.5,0.72,Regular,Petrol,22.58
DriveGo Max,Manual,1542.0,1654.0,4,No,64.3,0.22,Regular,Diesel,27.8
DriveGo X5,Automatic,1388.0,1211.0,4,Yes,62.6,0.45,Regular,Diesel,26.65
DriveGo A1,Automatic,1623.0,800.0,3,No,61.8,0.77,Regular,CNG,24.39
DriveGo X5,Manual,1734.0,1167.0,4,Yes,62.8,0.76,Regular,CNG,27.08
DriveGo X5,Manual,1457.0,875.0,3,Yes,55.8,0.73,Regular,Electric,37.25
DriveGo Eco,Automatic,1171.0,1470.0,3,No,68.5,0.26,Eco,Petrol,27.3
DriveGo X5,Automatic,1179.0,1224.0,3,No,71.8,0.4,Eco,Electric,36.02
DriveGo Prime,Automatic,1807.0,1364.0,3,Yes,51.0,0.62,Regular,CNG,24.82
DriveGo X5,Manual,1874.0,1287.0,4,No,33.7,0.59,Regular,CNG,25.34
DriveGo Prime,Automatic,1113.0,940.0,4,Yes,32.5,0.89,Regular,Petrol,26.9
DriveGo X5,Manual,1250.0,1410.0,3,Yes,45.2,0.77,Sport,Diesel,23.85
DriveGo Prime,Manual,1642.0,1498.0,3,No,45.2,0.74,Regular,Diesel,22.35
DriveGo Prime,Manual,1947.0,998.0,3,No,62.4,0.76,Regular,Diesel,22.94
DriveGo X5,Manual,1625.0,892.0,3,Yes,42.0,0.54,Regular,Diesel,26.37
DriveGo Prime,Manual,1639.0,1295.0,4,No,53.9,0.68,Eco,Diesel,26.13
DriveGo Max,Automatic,1450.0,1388.0,3,No,50.8,0.26,Regular,Electric,36.95
DriveGo Eco,Manual,1067.0,1387.0,6,No,61.9,0.57,Regular,CNG,29.73
DriveGo Max,Manual,1798.0,1374.0,3,No,52.0,0.43,Eco,Electric,34.44
DriveGo X5,Automatic,1482.0,1265.0,3,No,51.4,0.5,Regular,Petrol,23.11
DriveGo Max,Automatic,1476.0,1531.0,3,No,33.1,0.38,Regular,Diesel,26.7
DriveGo Eco,Manual,1198.0,1394.0,3,No,79.3,0.61,Regular,Petrol,25.75
DriveGo X5,Automatic,2085.0,1021.0,3,No,48.6,0.32,Regular,Diesel,24.1
DriveGo Max,Manual,1356.0,1322.0,3,No,36.4,0.82,Eco,Diesel,28.21
DriveGo A1,Manual,1288.0,1050.0,4,No,66.3,0.27,Regular,Diesel,29.37
DriveGo A1,Automatic,1337.0,1078.0,4,No,68.8,0.78,Regular,CNG,27.22
DriveGo Prime,Manual,1276.0,1410.0,3,No,47.8,0.41,Eco,Petrol,27.61
DriveGo A1,Manual,2032.0,1275.0,4,Yes,42.6,0.2,Regular,Diesel,25.09
DriveGo Max,Manual,1087.0,1426.0,4,No,40.3,0.66,Sport,Petrol,22.47
DriveGo Max,Manual,1570.0,1290.0,4,Yes,34.9,0.58,Eco,Electric,36.72
DriveGo A1,Manual,1892.0,1282.0,4,No,52.3,0.56,Eco,Petrol,25.69
DriveGo A1,Automatic,1307.0,1021.0,6,Yes,63.7,0.42,Regular,Petrol,26.84
DriveGo X5,Automatic,1129.0,1155.0,3,Yes,36.4,0.24,Regular,CNG,27.09
DriveGo A1,Automatic,1937.0,1309.0,3,Yes,45.1,0.89,Regular,Diesel,20.57
DriveGo X5,Automatic,2137.0,1232.0,6,Yes,79.8,0.76,Eco,Diesel,24.25
DriveGo Prime,Automatic,1766.0,1227.0,3,No,51.8,0.55,Eco,CNG,25.02
DriveGo Eco,Manual,1052.0,1482.0,4,Yes,72.4,0.38,Regular,Electric,37.51
DriveGo Prime,Automatic,1076.0,1297.0,4,Yes,52.0,0.76,Eco,Diesel,24.87
DriveGo Max,Manual,1637.0,1272.0,6,Yes,49.4,0.25,Regular,Diesel,25.89
DriveGo Prime,Automatic,1412.0,1001.0,4,Yes,75.4,0.88,Regular,Petrol,21.95
DriveGo Max,Manual,1760.0,1074.0,4,No,36.2,0.41,Regular,Petrol,25.13
DriveGo A1,Manual,1855.0,1162.0,6,No,67.5,0.37,Regular,Petrol,23.24
DriveGo X5,Manual,1998.0,1572.0,4,No,76.9,0.88,Regular,Petrol,21.69
DriveGo X5,Manual,1738.0,963.0,3,No,44.5,0.7,Regular,Diesel,24.04
DriveGo Prime,Manual,1370.0,960.0,4,Yes,53.6,0.35,Regular,Petrol,28.19
DriveGo Eco,Manual,943.0,1400.0,4,Yes,53.4,0.24,Regular,Electric,36.98
DriveGo Max,Manual,1790.0,1437.0,3,Yes,60.4,0.59,Regular,Diesel,23.15
DriveGo Eco,Manual,1959.0,1000.0,6,Yes,57.5,0.35,Regular,Diesel,25.21
DriveGo A1,Automatic,1357.0,1042.0,4,No,70.7,0.24,Regular,Diesel,24.61
DriveGo Eco,Manual,2041.0,828.0,6,No,70.7,0.83,Regular,Petrol,23.46
DriveGo Eco,Automatic,1182.0,1656.0,4,Yes,75.0,0.26,Regular,Diesel,27.14
DriveGo Eco,Manual,1380.0,1370.0,6,Yes,61.4,0.32,Regular,Petrol,27.48
DriveGo X5,Manual,1510.0,1018.0,4,Yes,47.0,0.47,Eco,Diesel,30.62
DriveGo Prime,Automatic,1302.0,1094.0,4,No,37.3,0.78,Regular,Diesel,26.29
DriveGo Eco,Automatic,1656.0,1560.0,4,No,57.0,0.47,Regular,Electric,31.9
DriveGo Eco,Automatic,1341.0,1012.0,4,Yes,72.9,0.25,Regular,CNG,27.96
DriveGo Prime,Automatic,1671.0,1072.0,4,No,63.8,0.81,Regular,Diesel,22.34
DriveGo Prime,Automatic,1492.0,1415.0,4,No,69.4,0.22,Sport,Petrol,21.31
DriveGo Max,Manual,1227.0,898.0,4,No,50.8,0.68,Regular,Petrol,26.8
DriveGo Max,Automatic,1529.0,1370.0,6,No,45.7,0.7,Regular,Diesel,21.48
DriveGo Eco,Manual,1226.0,1643.0,4,No,61.8,0.34,Regular,Petrol,28.23
DriveGo X5,Automatic,1301.0,1465.0,3,Yes,73.2,0.25,Regular,Petrol,23.13
DriveGo Prime,Automatic,1021.0,1319.0,4,Yes,45.3,0.3,Regular,Petrol,26.84
DriveGo Eco,Manual,1325.0,1328.0,4,No,47.8,0.25,Regular,CNG,29.77
DriveGo Max,Automatic,1975.0,1182.0,4,No,55.1,0.2,Sport,Diesel,21.61
DriveGo Prime,Manual,1542.0,1285.0,4,No,40.5,0.39,Regular,Petrol,26.19
DriveGo X5,Manual,1086.0,1433.0,4,No,54.4,0.59,Regular,Diesel,24.76
DriveGo Max,Manual,1572.0,1587.0,6,Yes,78.2,0.67,Regular,Petrol,24.25
DriveGo Max,Manual,1925.0,1026.0,4,No,60.5,0.43,Sport,Petrol,21.79
DriveGo Eco,Manual,1237.0,1082.0,4,No,59.2,0.23,Eco,Diesel,32.05
DriveGo Max,Automatic,2002.0,1020.0,4,No,42.4,0.43,Regular,CNG,22.03
DriveGo X5,Manual,1528.0,1479.0,4,Yes,63.6,0.81,Regular,Diesel,25.77
DriveGo A1,Automatic,1363.0,1057.0,3,No,59.7,0.86,Eco,Petrol,24.04
DriveGo Prime,Manual,1422.0,925.0,3,No,63.5,0.51,Eco,Petrol,27.87
DriveGo A1,Automatic,1341.0,1191.0,4,No,36.5,0.38,Sport,Petrol,22.09
DriveGo X5,Automatic,1107.0,933.0,4,No,69.2,0.31,Regular,CNG,28.42
DriveGo A1,Manual,1597.0,1033.0,3,No,70.3,0.52,Eco,Diesel,26.79
DriveGo A1,Manual,1699.0,932.0,4,No,39.5,0.41,Eco,Petrol,23.69
DriveGo Eco,Automatic,1088.0,1055.0,4,No,63.3,0.37,Regular,Electric,33.06
DriveGo Max,Manual,1580.0,1159.0,4,No,34.4,0.72,Sport,Diesel,21.73
DriveGo X5,Automatic,1557.0,1089.0,4,Yes,38.0,0.26,Regular,Petrol,24.77
DriveGo X5,Manual,1402.0,1218.0,6,Yes,47.0,0.57,Regular,Diesel,27.94
DriveGo Max,Automatic,1775.0,940.0,4,No,70.2,0.89,Regular,Diesel,20.29
DriveGo A1,Manual,2233.0,1220.0,4,No,47.4,0.32,Eco,Petrol,24.46
DriveGo A1,Manual,1563.0,1045.0,4,No,77.9,0.82,Sport,CNG,26.01
DriveGo A1,Manual,1873.0,1709.0,4,Yes,60.9,0.41,Sport,Electric,30.31
DriveGo Max,Automatic,1455.0,1439.0,6,No,38.3,0.61,Regular,CNG,22.63
DriveGo Eco,Manual,1735.0,1545.0,4,Yes,43.1,0.34,Regular,Diesel,25.53
DriveGo X5,Manual,1075.0,1352.0,4,No,75.9,0.6,Eco,Petrol,26.98
DriveGo X5,Automatic,1192.0,1002.0,4,No,79.0,0.85,Eco,Diesel,22.54
DriveGo Max,Manual,1478.0,1196.0,4,Yes,74.5,0.64,Sport,Diesel,23.78
DriveGo A1,Manual,1733.0,1258.0,3,No,67.7,0.48,Eco,CNG,27.83
DriveGo Prime,Automatic,2045.0,1163.0,4,No,31.8,0.39,Regular,Petrol,21.22
DriveGo Eco,Manual,1019.0,1078.0,3,No,43.1,0.28,Regular,Electric,34.73
DriveGo Prime,Manual,1070.0,973.0,4,Yes,61.2,0.48,Regular,CNG,28.87
DriveGo Prime,Manual,1333.0,1381.0,4,Yes,75.0,0.72,Regular,Petrol,25.03
DriveGo Max,Manual,1841.0,1286.0,3,No,35.3,0.67,Eco,CNG,25.89
DriveGo Eco,Automatic,1878.0,1299.0,4,No,79.3,0.8,Eco,Petrol,21.31
DriveGo Max,Manual,1351.0,1388.0,6,Yes,42.8,0.31,Regular,Petrol,25.88
DriveGo Prime,Manual,1682.0,1100.0,6,Yes,30.0,0.77,Eco,CNG,28.27
DriveGo Prime,Manual,1640.0,1176.0,4,No,65.2,0.33,Sport,Petrol,25.91
DriveGo X5,Manual,1209.0,1048.0,4,No,52.6,0.32,Eco,Petrol,25.87
DriveGo A1,Automatic,2234.0,1263.0,4,No,57.5,0.71,Regular,CNG,24.46
DriveGo Max,Manual,1548.0,885.0,6,Yes,61.6,0.64,Eco,Petrol,28.46
DriveGo X5,Automatic,1303.0,925.0,4,No,76.8,0.62,Regular,Petrol,26.69
DriveGo Eco,Automatic,1653.0,1109.0,4,Yes,58.5,0.29,Regular,Electric,37.27
DriveGo A1,Automatic,1503.0,1278.0,4,No,66.8,0.29,Eco,Petrol,25.5
DriveGo A1,Manual,1169.0,1111.0,4,No,45.2,0.22,Eco,Electric,38.88
DriveGo Max,Automatic,1756.0,1294.0,4,No,75.5,0.68,Regular,Electric,31.9
DriveGo Eco,Manual,1354.0,1610.0,4,No,49.4,0.23,Eco,Petrol,29.09
DriveGo X5,Manual,1514.0,1159.0,6,No,77.0,0.52,Eco,Petrol,28.49
DriveGo Max,Manual,1622.0,1046.0,3,Yes,49.5,0.33,Regular,Petrol,28.49
DriveGo Max,Manual,1298.0,1522.0,4,No,47.7,0.58,Eco,CNG,26.07
DriveGo Max,Manual,1548.0,996.0,4,No,57.4,0.3,Eco,CNG,33.43
DriveGo Eco,Automatic,1409.0,1173.0,3,No,42.0,0.76,Regular,Diesel,22.86
DriveGo Max,Automatic,1184.0,983.0,4,No,48.4,0.49,Eco,Petrol,25.42
DriveGo Prime,Manual,1759.0,1555.0,4,No,78.2,0.63,Regular,Petrol,22.53
DriveGo Eco,Manual,1783.0,940.0,4,No,33.7,0.85,Eco,Diesel,23.89
DriveGo A1,Manual,1476.0,1385.0,4,Yes,73.0,0.31,Eco,Diesel,29.95
DriveGo Eco,Automatic,1566.0,885.0,3,No,47.5,0.81,Regular,CNG,24.06
DriveGo A1,Manual,1412.0,1339.0,3,No,55.5,0.46,Sport,Petrol,22.36
DriveGo A1,Manual,1393.0,1087.0,4,Yes,62.6,0.42,Regular,Petrol,29.92
DriveGo Eco,Manual,1887.0,1325.0,6,No,54.8,0.6,Eco,CNG,30.81
DriveGo Max,Manual,800.0,1349.0,6,No,44.4,0.73,Regular,Diesel,26.28
DriveGo X5,Manual,1709.0,895.0,4,No,69.4,0.56,Regular,Petrol,25.24
DriveGo A1,Manual,1501.0,1455.0,4,Yes,33.4,0.37,Regular,Diesel,28.91
DriveGo A1,Automatic,1837.0,1264.0,3,No,70.9,0.68,Regular,Diesel,22.82
DriveGo Max,Automatic,1268.0,1311.0,4,No,53.0,0.56,Eco,Petrol,24.45
DriveGo Max,Manual,1473.0,1474.0,6,No,43.3,0.7,Regular,Petrol,21.58
DriveGo A1,Manual,1488.0,1041.0,4,No,48.1,0.59,Eco,Petrol,29.69
DriveGo X5,Manual,1679.0,1319.0,4,No,70.5,0.25,Regular,CNG,29.69
DriveGo Eco,Manual,1402.0,1302.0,6,Yes,55.0,0.76,Sport,Petrol,23.66
DriveGo Max,Manual,1313.0,1237.0,4,Yes,70.9,0.48,Eco,CNG,28.93
DriveGo Max,Manual,1685.0,998.0,3,No,54.8,0.87,Eco,Petrol,26.68
DriveGo A1,Manual,1496.0,1129.0,4,No,46.1,0.55,Regular,Petrol,25.51
DriveGo Eco,Automatic,1351.0,1113.0,4,No,78.4,0.45,Regular,Diesel,27.12
DriveGo X5,Manual,1619.0,800.0,4,No,69.2,0.44,Regular,CNG,25.65
DriveGo Max,Manual,1573.0,1122.0,4,No,71.6,0.38,Sport,Petrol,24.01
DriveGo A1,Manual,1076.0,1074.0,4,No,44.8,0.25,Regular,Petrol,27.6
DriveGo Prime,Manual,1869.0,1288.0,6,No,68.9,0.69,Regular,Petrol,23.57
DriveGo Max,Manual,1377.0,1357.0,4,No,73.2,0.26,Sport,Diesel,27.28
DriveGo Eco,Manual,1174.0,1177.0,4,No,40.8,0.44,Regular,Electric,38.61
DriveGo X5,Manual,1520.0,1303.0,3,No,75.7,0.29,Regular,Diesel,24.03
DriveGo Max,Automatic,1656.0,1589.0,4,No,33.5,0.41,Regular,CNG,24.0
DriveGo X5,Manual,1291.0,1316.0,4,No,59.9,0.65,Eco,Petrol,25.23
DriveGo Eco,Manual,920.0,1129.0,6,Yes,43.4,0.49,Regular,Petrol,28.03
DriveGo Max,Manual,1184.0,1217.0,4,No,72.1,0.89,Regular,Petrol,22.21
DriveGo Prime,Automatic,1495.0,800.0,4,No,43.7,0.86,Sport,Petrol,22.13
DriveGo X5,Manual,1089.0,1182.0,6,Yes,60.9,0.47,Eco,Petrol,27.0
DriveGo X5,Manual,1562.0,1497.0,4,No,50.3,0.53,Regular,Petrol,27.14
DriveGo Eco,Manual,1571.0,1076.0,4,No,55.5,0.85,Eco,Diesel,25.88
DriveGo X5,Manual,1548.0,896.0,3,No,46.8,0.69,Regular,Diesel,26.96
DriveGo Eco,Automatic,1275.0,1075.0,4,No,66.9,0.84,Regular,Petrol,24.42
DriveGo A1,Manual,922.0,1160.0,3,No,79.4,0.37,Regular,Diesel,27.89
DriveGo Prime,Automatic,1327.0,1348.0,4,Yes,72.6,0.21,Regular,CNG,28.23
DriveGo X5,Manual,1404.0,1138.0,6,No,42.4,0.53,Eco,Diesel,25.56
DriveGo Prime,Manual,1820.0,1390.0,6,Yes,36.3,0.57,Sport,Petrol,24.02
DriveGo Eco,Manual,1385.0,1104.0,4,No,44.1,0.41,Regular,Diesel,25.49
DriveGo A1,Automatic,2164.0,1253.0,6,No,78.4,0.75,Regular,Diesel,18.87
DriveGo Prime,Manual,1782.0,1199.0,6,No,31.9,0.62,Eco,CNG,28.29
DriveGo Max,Manual,800.0,1324.0,4,No,50.9,0.58,Regular,Petrol,24.82
DriveGo X5,Manual,1139.0,1176.0,4,No,64.1,0.24,Regular,CNG,29.25
DriveGo Max,Manual,1412.0,1233.0,6,No,64.7,0.86,Eco,Petrol,25.67
DriveGo Prime,Automatic,1670.0,1262.0,4,Yes,53.1,0.42,Eco,Petrol,28.39
DriveGo Eco,Manual,1912.0,1579.0,4,No,56.5,0.87,Eco,Diesel,22.47
DriveGo Max,Manual,1498.0,1137.0,6,Yes,30.6,0.5,Sport,Petrol,25.83
DriveGo Max,Automatic,1375.0,1272.0,6,No,75.7,0.8,Eco,CNG,26.16
DriveGo A1,Manual,1837.0,1520.0,4,No,65.3,0.69,Eco,Petrol,23.94
DriveGo Max,Manual,1347.0,1088.0,4,No,69.5,0.28,Regular,Petrol,25.65
DriveGo Max,Manual,1503.0,998.0,3,No,77.9,0.5,Regular,Electric,35.93
DriveGo A1,Manual,1390.0,972.0,4,Yes,32.7,0.55,Eco,Diesel,28.62
DriveGo Max,Manual,974.0,1190.0,4,No,63.6,0.72,Regular,Diesel,25.79
DriveGo A1,Manual,1684.0,1326.0,4,No,44.6,0.49,Regular,Petrol,23.66
DriveGo Eco,Manual,1835.0,1195.0,4,Yes,34.3,0.57,Eco,CNG,28.52
DriveGo Eco,Manual,1027.0,1058.0,4,Yes,78.8,0.24,Regular,Electric,41.85
DriveGo Eco,Manual,1252.0,1246.0,4,No,31.3,0.77,Regular,Diesel,25.98
DriveGo Prime,Manual,1208.0,1361.0,4,No,40.8,0.67,Regular,Petrol,22.28
DriveGo X5,Automatic,1601.0,930.0,6,No,34.4,0.36,Regular,Petrol,21.87
DriveGo Max,Manual,1528.0,1146.0,4,Yes,36.3,0.72,Regular,Petrol,26.76
DriveGo Max,Manual,1443.0,1282.0,6,No,49.4,0.59,Eco,CNG,30.2
DriveGo Max,Manual,1675.0,1223.0,4,No,64.7,0.29,Regular,Petrol,23.94
DriveGo A1,Manual,1670.0,1269.0,6,No,68.7,0.22,Regular,Diesel,27.82
DriveGo Prime,Manual,1416.0,1206.0,4,No,32.2,0.62,Regular,Petrol,25.49
DriveGo Max,Manual,1405.0,922.0,4,No,69.0,0.81,Eco,Diesel,29.28
DriveGo Eco,Manual,1728.0,1260.0,4,No,46.5,0.5,Regular,Petrol,24.35
DriveGo A1,Manual,1632.0,862.0,3,No,57.1,0.49,Regular,Petrol,25.76
DriveGo A1,Automatic,1293.0,1225.0,4,Yes,65.3,0.2,Eco,Diesel,29.27
DriveGo A1,Manual,1927.0,1176.0,4,No,70.8,0.77,Regular,Petrol,25.25
DriveGo A1,Automatic,1348.0,1318.0,6,Yes,34.1,0.56,Regular,Petrol,23.94
DriveGo Max,Manual,1565.0,1530.0,4,Yes,40.4,0.38,Sport,CNG,28.21
DriveGo A1,Automatic,907.0,1359.0,4,Yes,71.2,0.24,Regular,Diesel,31.65
DriveGo Prime,Manual,1618.0,1314.0,4,No,43.6,0.55,Regular,Diesel,25.71
DriveGo A1,Automatic,2165.0,1539.0,6,Yes,72.6,0.75,Eco,Petrol,19.6
DriveGo X5,Manual,1277.0,1177.0,4,No,72.6,0.57,Regular,Electric,32.65
DriveGo Prime,Automatic,1359.0,800.0,4,No,47.1,0.67,Eco,Petrol,26.14
